PassengerId,Survived,Pclass,Age,SibSp,Parch,Fare,Pre_Capt,Pre_Col,Pre_Countess,Pre_Don,Pre_Dr,Pre_Jonkheer,Pre_Lady,Pre_Major,Pre_Master,Pre_Miss,Pre_Mlle,Pre_Mme,Pre_Mr,Pre_Mrs,Pre_Ms,Pre_Rev,Pre_Sir,TicketGroupSize,Sex_female,Sex_male,Embarked_C,Embarked_Q,Embarked_S
-1.840449209623234,-0.406777120668408,0.676481425202546,-0.9208680229552904,2.0869897265579147,0.0,-0.560815765624588,0.0,0.0,0.0,0.0,0.0,0.0,0.0,0.0,0.0,0.0,0.0,0.0,0.0,0.0,0.0,0.0,0.0,-0.35768329121531695,0.0,0.0,0.0,0.0,0.0
-1.8247074547911193,-0.406777120668408,0.676481425202546,0.590384264325711,-0.3718636240048648,0.0,-0.4914695535907421,0.0,0.0,0.0,0.0,0.0,0.0,0.0,0.0,0.0,0.0,0.0,0.0,0.0,0.0,0.0,0.0,0.0,-0.35768329121531695,0.0,0.0,0.0,0.0,0.0
-1.8168365773750619,-0.406777120668408,-2.029444275607638,2.799137607274867,-0.3718636240048648,0.0,3.306319089825347,0.0,0.0,0.0,0.0,0.0,0.0,0.0,0.0,0.0,0.0,0.0,0.0,0.0,0.0,0.0,0.0,0.0,-0.35768329121531695,0.0,0.0,0.0,0.0,0.0
-1.7932239451268894,-0.406777120668408,0.676481425202546,-1.1533683748446752,-0.3718636240048648,0.0,-0.4914695535907421,0.0,0.0,0.0,0.0,0.0,0.0,0.0,0.0,0.0,0.0,0.0,0.0,0.0,0.0,0.0,0.0,0.0,-0.35768329121531695,0.0,0.0,0.0,0.0,0.0
-1.7735467515867458,2.4583486857786396,-0.676481425202546,-0.02584424186581628,-0.3718636240048648,0.0,-0.06238986663132102,0.0,0.0,0.0,0.0,0.0,0.0,0.0,0.0,0.0,0.0,0.0,0.0,0.0,0.0,0.0,0.0,0.0,-0.35768329121531695,0.0,0.0,0.0,0.0,0.0
-1.7617404354626598,-0.406777120668408,-0.676481425202546,0.590384264325711,-0.3718636240048648,0.0,1.064486078918674,0.0,0.0,0.0,0.0,0.0,0.0,0.0,0.0,0.0,0.0,0.0,0.0,0.0,0.0,0.0,0.0,0.0,2.4015878124457015,0.0,0.0,0.0,0.0,0.0
-1.757804996754631,2.4583486857786396,-0.676481425202546,0.47413408838101856,-0.3718636240048648,0.0,-0.06238986663132102,0.0,0.0,0.0,0.0,0.0,0.0,0.0,0.0,0.0,0.0,0.0,0.0,0.0,0.0,0.0,0.0,0.0,-0.35768329121531695,0.0,0.0,0.0,0.0,0.0
-1.7499341193385736,2.4583486857786396,-2.029444275607638,-0.2233669672871359,-0.3718636240048648,0.0,1.8879723468205936,0.0,0.0,0.0,0.0,0.0,0.0,0.0,0.0,0.0,0.0,0.0,0.0,0.0,0.0,0.0,0.0,0.0,-0.35768329121531695,0.0,0.0,0.0,0.0,0.0
-1.7263214870904011,-0.406777120668408,0.676481425202546,-0.02584424186581628,-0.3718636240048648,0.0,-0.5048360359602659,0.0,0.0,0.0,0.0,0.0,0.0,0.0,0.0,0.0,0.0,0.0,0.0,0.0,0.0,0.0,0.0,0.0,-0.35768329121531695,0.0,0.0,0.0,0.0,0.0
-1.702708854842229,-0.406777120668408,-2.029444275607638,1.404135495938558,2.0869897265579147,0.0,3.3182379700186644,0.0,0.0,0.0,0.0,0.0,0.0,0.0,0.0,0.0,0.0,0.0,0.0,0.0,0.0,0.0,0.0,0.0,2.4015878124457015,0.0,0.0,0.0,0.0,0.0
-1.6948379774261715,-0.406777120668408,0.676481425202546,-1.0371181988999827,-0.3718636240048648,0.0,-0.4914695535907421,0.0,0.0,0.0,0.0,0.0,0.0,0.0,0.0,0.0,0.0,0.0,0.0,0.0,0.0,0.0,0.0,0.0,-0.35768329121531695,0.0,0.0,0.0,0.0,0.0
-1.6633544677619416,-0.406777120668408,0.676481425202546,-0.02584424186581628,-0.3718636240048648,0.0,-0.4914695535907421,0.0,0.0,0.0,0.0,0.0,0.0,0.0,0.0,0.0,0.0,0.0,0.0,0.0,0.0,0.0,0.0,0.0,-0.35768329121531695,0.0,0.0,0.0,0.0,0.0
-1.6397418355137694,-0.406777120668408,0.676481425202546,-1.0371181988999827,-0.3718636240048648,0.0,-0.513140244851319,0.0,0.0,0.0,0.0,0.0,0.0,0.0,0.0,0.0,0.0,0.0,0.0,0.0,0.0,0.0,0.0,0.0,-0.35768329121531695,0.0,0.0,0.0,0.0,0.0
-1.6240000806816544,2.4583486857786396,-2.029444275607638,-0.02584424186581628,-0.3718636240048648,0.0,1.8879723468205936,0.0,0.0,0.0,0.0,0.0,0.0,0.0,0.0,0.0,0.0,0.0,0.0,0.0,0.0,0.0,0.0,0.0,-0.35768329121531695,0.0,0.0,0.0,0.0,0.0
-1.57677481618531,-0.406777120668408,0.676481425202546,-1.2696185507893676,-0.3718636240048648,0.0,-0.4820818101366603,0.0,0.0,0.0,0.0,0.0,0.0,0.0,0.0,0.0,0.0,0.0,0.0,0.0,0.0,0.0,0.0,0.0,-0.35768329121531695,0.0,0.0,0.0,0.0,0.0
-1.5689039387692523,-0.406777120668408,0.676481425202546,-0.4558673191765207,4.545843077120694,0.0,-0.438376360002329,0.0,0.0,0.0,0.0,0.0,0.0,0.0,0.0,0.0,0.0,0.0,0.0,0.0,0.0,0.0,0.0,0.0,-0.35768329121531695,0.0,0.0,0.0,0.0,0.0
-1.5649685000612237,-0.406777120668408,-0.676481425202546,0.24163373649163375,-0.3718636240048648,0.0,-0.2790967792370893,0.0,0.0,0.0,0.0,0.0,0.0,0.0,0.0,0.0,0.0,0.0,0.0,0.0,0.0,0.0,0.0,0.0,-0.35768329121531695,0.0,0.0,0.0,0.0,0.0
-1.54529130652108,-0.406777120668408,0.676481425202546,-0.5721174951212131,-0.3718636240048648,0.0,-0.5261426596076652,0.0,0.0,0.0,0.0,0.0,0.0,0.0,0.0,0.0,0.0,0.0,0.0,0.0,0.0,0.0,0.0,0.0,-0.35768329121531695,0.0,0.0,0.0,0.0,0.0
-1.5413558678130512,-0.406777120668408,0.676481425202546,-0.02584424186581628,-0.3718636240048648,0.0,-0.5048360359602659,0.0,0.0,0.0,0.0,0.0,0.0,0.0,0.0,0.0,0.0,0.0,0.0,0.0,0.0,0.0,0.0,0.0,-0.35768329121531695,0.0,0.0,0.0,0.0,0.0
-1.5374204291050226,-0.406777120668408,0.676481425202546,-0.02584424186581628,-0.3718636240048648,0.0,-0.4914695535907421,0.0,0.0,0.0,0.0,0.0,0.0,0.0,0.0,0.0,0.0,0.0,0.0,0.0,0.0,0.0,0.0,0.0,-0.35768329121531695,0.0,0.0,0.0,0.0,0.0
-1.5256141129809364,-0.406777120668408,0.676481425202546,-0.9208680229552904,-0.3718636240048648,0.0,-0.4091209268005503,0.0,0.0,0.0,0.0,0.0,0.0,0.0,0.0,0.0,0.0,0.0,0.0,0.0,0.0,0.0,0.0,0.0,-0.35768329121531695,0.0,0.0,0.0,0.0,0.0
-1.5216786742729078,2.4583486857786396,0.676481425202546,-0.10711679134244348,-0.3718636240048648,0.0,-0.36577954427939663,0.0,0.0,0.0,0.0,0.0,0.0,0.0,0.0,0.0,0.0,0.0,0.0,0.0,0.0,0.0,0.0,0.0,-0.35768329121531695,0.0,0.0,0.0,0.0,0.0
-1.5138077968568502,-0.406777120668408,-2.029444275607638,-0.2233669672871359,-0.3718636240048648,0.0,2.893492421311358,0.0,0.0,0.0,0.0,0.0,0.0,0.0,0.0,0.0,0.0,0.0,0.0,0.0,0.0,0.0,0.0,0.0,-0.35768329121531695,0.0,0.0,0.0,0.0,0.0
-1.4980660420247354,-0.406777120668408,0.676481425202546,-0.02584424186581628,-0.3718636240048648,0.0,-0.4914695535907421,0.0,0.0,0.0,0.0,0.0,0.0,0.0,0.0,0.0,0.0,0.0,0.0,0.0,0.0,0.0,0.0,0.0,-0.35768329121531695,0.0,0.0,0.0,0.0,0.0
-1.490195164608678,-0.406777120668408,0.676481425202546,-0.6883676710659055,-0.3718636240048648,0.0,-0.4914695535907421,0.0,0.0,0.0,0.0,0.0,0.0,0.0,0.0,0.0,0.0,0.0,0.0,0.0,0.0,0.0,0.0,0.0,-0.35768329121531695,0.0,0.0,0.0,0.0,0.0
-1.4862597259006491,-0.406777120668408,0.676481425202546,-0.10711679134244348,-0.3718636240048648,0.0,-0.4914695535907421,0.0,0.0,0.0,0.0,0.0,0.0,0.0,0.0,0.0,0.0,0.0,0.0,0.0,0.0,0.0,0.0,0.0,-0.35768329121531695,0.0,0.0,0.0,0.0,0.0
-1.4823242871926205,-0.406777120668408,0.676481425202546,-1.1533683748446752,-0.3718636240048648,0.0,-0.508442038986026,0.0,0.0,0.0,0.0,0.0,0.0,0.0,0.0,0.0,0.0,0.0,0.0,0.0,0.0,0.0,0.0,0.0,-0.35768329121531695,0.0,0.0,0.0,0.0,0.0
-1.4783888484845917,-0.406777120668408,-2.029444275607638,1.8691361997173275,2.0869897265579147,0.0,4.113552339281834,0.0,0.0,0.0,0.0,0.0,0.0,0.0,0.0,0.0,0.0,0.0,0.0,0.0,0.0,0.0,0.0,0.0,-0.35768329121531695,0.0,0.0,0.0,0.0,0.0
-1.4665825323605057,-0.406777120668408,0.676481425202546,-0.02584424186581628,-0.3718636240048648,0.0,-0.4914695535907421,0.0,0.0,0.0,0.0,0.0,0.0,0.0,0.0,0.0,0.0,0.0,0.0,0.0,0.0,0.0,0.0,0.0,-0.35768329121531695,0.0,0.0,0.0,0.0,0.0
-1.4508407775283907,-0.406777120668408,-0.676481425202546,0.47413408838101856,2.0869897265579147,0.0,1.064486078918674,0.0,0.0,0.0,0.0,0.0,0.0,0.0,0.0,0.0,0.0,0.0,0.0,0.0,0.0,0.0,0.0,0.0,2.4015878124457015,0.0,0.0,0.0,0.0,0.0
-1.4429699001123333,-0.406777120668408,0.676481425202546,-0.02584424186581628,-0.3718636240048648,0.0,-0.5048360359602659,0.0,0.0,0.0,0.0,0.0,0.0,0.0,0.0,0.0,0.0,0.0,0.0,0.0,0.0,0.0,0.0,0.0,-0.35768329121531695,0.0,0.0,0.0,0.0,0.0
-1.4350990226962759,-0.406777120668408,0.676481425202546,0.35788391243632617,-0.3718636240048648,0.0,-0.4390958269521802,0.0,0.0,0.0,0.0,0.0,0.0,0.0,0.0,0.0,0.0,0.0,0.0,0.0,0.0,0.0,0.0,0.0,-0.35768329121531695,0.0,0.0,0.0,0.0,0.0
-1.431163583988247,-0.406777120668408,0.676481425202546,0.8228846162150958,4.545843077120694,0.0,-0.5023048992210306,0.0,0.0,0.0,0.0,0.0,0.0,0.0,0.0,0.0,0.0,0.0,0.0,0.0,0.0,0.0,0.0,0.0,-0.35768329121531695,0.0,0.0,0.0,0.0,0.0
-1.4272281452802185,-0.406777120668408,0.676481425202546,-0.2233669672871359,-0.3718636240048648,0.0,-0.5048360359602659,0.0,0.0,0.0,0.0,0.0,0.0,0.0,0.0,0.0,0.0,0.0,0.0,0.0,0.0,0.0,0.0,0.0,-0.35768329121531695,0.0,0.0,0.0,0.0,0.0
-1.419357267864161,2.4583486857786396,0.676481425202546,-0.02584424186581628,-0.3718636240048648,0.0,-0.5153073139773767,0.0,0.0,0.0,0.0,0.0,0.0,0.0,0.0,0.0,0.0,0.0,0.0,0.0,0.0,0.0,0.0,0.0,-0.35768329121531695,0.0,0.0,0.0,0.0,0.0
-1.4154218291561322,-0.406777120668408,0.676481425202546,0.9391347921597882,-0.3718636240048648,0.0,-0.5048360359602659,0.0,0.0,0.0,0.0,0.0,0.0,0.0,0.0,0.0,0.0,0.0,0.0,0.0,0.0,0.0,0.0,0.0,-0.35768329121531695,0.0,0.0,0.0,0.0,0.0
-1.4075509517400748,-0.406777120668408,-2.029444275607638,1.9853863756620198,-0.3718636240048648,0.0,3.3182379700186644,0.0,0.0,0.0,0.0,0.0,0.0,0.0,0.0,0.0,0.0,0.0,0.0,0.0,0.0,0.0,0.0,0.0,2.4015878124457015,0.0,0.0,0.0,0.0,0.0
-1.3996800743240174,-0.406777120668408,0.676481425202546,-0.9208680229552904,-0.3718636240048648,0.0,-0.4914695535907421,0.0,0.0,0.0,0.0,0.0,0.0,0.0,0.0,0.0,0.0,0.0,0.0,0.0,0.0,0.0,0.0,0.0,-0.35768329121531695,0.0,0.0,0.0,0.0,0.0
-1.3878737581999312,-0.406777120668408,0.676481425202546,-1.0371181988999827,-0.3718636240048648,0.0,-0.5023048992210306,0.0,0.0,0.0,0.0,0.0,0.0,0.0,0.0,0.0,0.0,0.0,0.0,0.0,0.0,0.0,0.0,0.0,-0.35768329121531695,0.0,0.0,0.0,0.0,0.0
-1.3800028807838738,-0.406777120668408,-0.676481425202546,-0.10711679134244348,2.0869897265579147,0.0,0.6310722537071375,0.0,0.0,0.0,0.0,0.0,0.0,0.0,0.0,0.0,0.0,0.0,0.0,0.0,0.0,0.0,0.0,0.0,2.4015878124457015,0.0,0.0,0.0,0.0,0.0
-1.364261125951759,-0.406777120668408,0.676481425202546,-0.02584424186581628,-0.3718636240048648,0.0,-0.4914695535907421,0.0,0.0,0.0,0.0,0.0,0.0,0.0,0.0,0.0,0.0,0.0,0.0,0.0,0.0,0.0,0.0,0.0,-0.35768329121531695,0.0,0.0,0.0,0.0,0.0
-1.3406484937035865,2.4583486857786396,0.676481425202546,-0.6883676710659055,-0.3718636240048648,0.0,-0.5702035090786699,0.0,0.0,0.0,0.0,0.0,0.0,0.0,0.0,0.0,0.0,0.0,0.0,0.0,0.0,0.0,0.0,0.0,-0.35768329121531695,0.0,0.0,0.0,0.0,0.0
-1.332777616287529,-0.406777120668408,0.676481425202546,1.7528860237726351,-0.3718636240048648,0.0,-0.5846535260112226,0.0,0.0,0.0,0.0,0.0,0.0,0.0,0.0,0.0,0.0,0.0,0.0,0.0,0.0,0.0,0.0,0.0,-0.35768329121531695,0.0,0.0,0.0,0.0,0.0
-1.3249067388714717,-0.406777120668408,0.676481425202546,-1.1533683748446752,-0.3718636240048648,0.0,-0.5781523186330495,0.0,0.0,0.0,0.0,0.0,0.0,0.0,0.0,0.0,0.0,0.0,0.0,0.0,0.0,0.0,0.0,0.0,-0.35768329121531695,0.0,0.0,0.0,0.0,0.0
-1.3131004227473855,-0.406777120668408,-0.676481425202546,-0.5721174951212131,-0.3718636240048648,0.0,-0.06238986663132102,0.0,0.0,0.0,0.0,0.0,0.0,0.0,0.0,0.0,0.0,0.0,0.0,0.0,0.0,0.0,0.0,0.0,-0.35768329121531695,0.0,0.0,0.0,0.0,0.0
-1.3012941066232993,-0.406777120668408,-2.029444275607638,0.8228846162150958,2.0869897265579147,0.0,3.413589011565202,0.0,0.0,0.0,0.0,0.0,0.0,0.0,0.0,0.0,0.0,0.0,0.0,0.0,0.0,0.0,0.0,0.0,2.4015878124457015,0.0,0.0,0.0,0.0,0.0
-1.2973586679152707,-0.406777120668408,0.676481425202546,-1.6183690786234448,-0.3718636240048648,0.0,-0.3903367716158823,0.0,0.0,0.0,0.0,0.0,0.0,0.0,0.0,0.0,0.0,0.0,0.0,0.0,0.0,0.0,0.0,0.0,2.4015878124457015,0.0,0.0,0.0,0.0,0.0
-1.2737460356670982,-0.406777120668408,-0.676481425202546,-1.38586872673406,-0.3718636240048648,0.0,-0.192414014194782,0.0,0.0,0.0,0.0,0.0,0.0,0.0,0.0,0.0,0.0,0.0,0.0,0.0,0.0,0.0,0.0,0.0,-0.35768329121531695,0.0,0.0,0.0,0.0,0.0
-1.2658751582510408,2.4583486857786396,0.676481425202546,-0.3396171432318283,-0.3718636240048648,0.0,-0.5135043124644968,0.0,0.0,0.0,0.0,0.0,0.0,0.0,0.0,0.0,0.0,0.0,0.0,0.0,0.0,0.0,0.0,0.0,-0.35768329121531695,0.0,0.0,0.0,0.0,0.0
-1.2343916485868112,-0.406777120668408,0.676481425202546,-0.02584424186581628,-0.3718636240048648,0.0,-0.5553980928094439,0.0,0.0,0.0,0.0,0.0,0.0,0.0,0.0,0.0,0.0,0.0,0.0,0.0,0.0,0.0,0.0,0.0,-0.35768329121531695,0.0,0.0,0.0,0.0,0.0
-1.222585332462725,-0.406777120668408,0.676481425202546,0.009133384602248927,-0.3718636240048648,0.0,-0.4914695535907421,0.0,0.0,0.0,0.0,0.0,0.0,0.0,0.0,0.0,0.0,0.0,0.0,0.0,0.0,0.0,0.0,0.0,-0.35768329121531695,0.0,0.0,0.0,0.0,0.0
-1.2186498937546961,-0.406777120668408,0.676481425202546,-0.02584424186581628,-0.3718636240048648,0.0,-0.438376360002329,0.0,0.0,0.0,0.0,0.0,0.0,0.0,0.0,0.0,0.0,0.0,0.0,0.0,0.0,0.0,0.0,0.0,-0.35768329121531695,0.0,0.0,0.0,0.0,0.0
-1.2029081389225813,-0.406777120668408,0.676481425202546,-0.4558673191765207,-0.3718636240048648,0.0,-0.5153073139773767,0.0,0.0,0.0,0.0,0.0,0.0,0.0,0.0,0.0,0.0,0.0,0.0,0.0,0.0,0.0,0.0,0.0,-0.35768329121531695,0.0,0.0,0.0,0.0,0.0
-1.1989727002145527,-0.406777120668408,0.676481425202546,-1.5021189026787525,-0.3718636240048648,0.0,-0.438376360002329,0.0,0.0,0.0,0.0,0.0,0.0,0.0,0.0,0.0,0.0,0.0,0.0,0.0,0.0,0.0,0.0,0.0,-0.35768329121531695,0.0,0.0,0.0,0.0,0.0
-1.179295506674409,-0.406777120668408,-2.029444275607638,-0.02584424186581628,-0.3718636240048648,0.0,1.057984871540501,0.0,0.0,0.0,0.0,0.0,0.0,0.0,0.0,0.0,0.0,0.0,0.0,0.0,0.0,0.0,0.0,0.0,-0.35768329121531695,0.0,0.0,0.0,0.0,0.0
-1.1596183131342654,-0.406777120668408,0.676481425202546,-1.0371181988999827,-0.3718636240048648,0.0,-0.5023048992210306,0.0,0.0,0.0,0.0,0.0,0.0,0.0,0.0,0.0,0.0,0.0,0.0,0.0,0.0,0.0,0.0,0.0,-0.35768329121531695,0.0,0.0,0.0,0.0,0.0
-1.1399411195941218,-0.406777120668408,-0.676481425202546,0.009133384602248927,-0.3718636240048648,0.0,-0.06238986663132102,0.0,0.0,0.0,0.0,0.0,0.0,0.0,0.0,0.0,0.0,0.0,0.0,0.0,0.0,0.0,0.0,0.0,-0.35768329121531695,0.0,0.0,0.0,0.0,0.0
-1.1123930486379208,-0.406777120668408,-2.029444275607638,-0.02584424186581628,-0.3718636240048648,0.0,3.14487243993405,0.0,0.0,0.0,0.0,0.0,0.0,0.0,0.0,0.0,0.0,0.0,0.0,0.0,0.0,0.0,0.0,0.0,-0.35768329121531695,0.0,0.0,0.0,0.0,0.0
-1.1045221712218634,2.4583486857786396,-2.029444275607638,1.7528860237726351,-0.3718636240048648,0.0,1.1121615996919432,0.0,0.0,0.0,0.0,0.0,0.0,0.0,0.0,0.0,0.0,0.0,0.0,0.0,0.0,0.0,0.0,0.0,-0.35768329121531695,0.0,0.0,0.0,0.0,0.0
-1.096651293805806,-0.406777120668408,0.676481425202546,0.7066344402704033,-0.3718636240048648,0.0,-0.5048360359602659,0.0,0.0,0.0,0.0,0.0,0.0,0.0,0.0,0.0,0.0,0.0,0.0,0.0,0.0,0.0,0.0,0.0,-0.35768329121531695,0.0,0.0,0.0,0.0,0.0
-1.0887804163897485,-0.406777120668408,-0.676481425202546,-1.2696185507893676,-0.3718636240048648,0.0,-0.06238986663132102,0.0,0.0,0.0,0.0,0.0,0.0,0.0,0.0,0.0,0.0,0.0,0.0,0.0,0.0,0.0,0.0,0.0,-0.35768329121531695,0.0,0.0,0.0,0.0,0.0
-1.0533614680174899,-0.406777120668408,0.676481425202546,-0.2233669672871359,-0.3718636240048648,0.0,-0.36577954427939663,0.0,0.0,0.0,0.0,0.0,0.0,0.0,0.0,0.0,0.0,0.0,0.0,0.0,0.0,0.0,0.0,0.0,-0.35768329121531695,0.0,0.0,0.0,0.0,0.0
-1.0454905906014325,-0.406777120668408,0.676481425202546,0.47413408838101856,-0.3718636240048648,0.0,-0.6261919070194962,0.0,0.0,0.0,0.0,0.0,0.0,0.0,0.0,0.0,0.0,0.0,0.0,0.0,0.0,0.0,0.0,0.0,-0.35768329121531695,0.0,0.0,0.0,0.0,0.0
-1.037619713185375,2.4583486857786396,0.676481425202546,-1.38586872673406,-0.3718636240048648,0.0,-0.4914695535907421,0.0,0.0,0.0,0.0,0.0,0.0,0.0,0.0,0.0,0.0,0.0,0.0,0.0,0.0,0.0,0.0,0.0,-0.35768329121531695,0.0,0.0,0.0,0.0,0.0
-1.0297488357693176,-0.406777120668408,0.676481425202546,0.24163373649163375,2.0869897265579147,0.0,0.18465601373925478,0.0,0.0,0.0,0.0,0.0,0.0,0.0,0.0,0.0,0.0,0.0,0.0,0.0,0.0,0.0,0.0,0.0,2.4015878124457015,0.0,0.0,0.0,0.0,0.0
-1.0140070809372028,-0.406777120668408,0.676481425202546,-0.6883676710659055,-0.3718636240048648,0.0,-0.5781523186330495,0.0,0.0,0.0,0.0,0.0,0.0,0.0,0.0,0.0,0.0,0.0,0.0,0.0,0.0,0.0,0.0,0.0,-0.35768329121531695,0.0,0.0,0.0,0.0,0.0
-1.0061362035211452,-0.406777120668408,0.676481425202546,-0.9208680229552904,-0.3718636240048648,0.0,-0.560815765624588,0.0,0.0,0.0,0.0,0.0,0.0,0.0,0.0,0.0,0.0,0.0,0.0,0.0,0.0,0.0,0.0,0.0,-0.35768329121531695,0.0,0.0,0.0,0.0,0.0
-1.0022007648131166,-0.406777120668408,-0.676481425202546,0.009133384602248927,-0.3718636240048648,0.0,-0.06238986663132102,0.0,0.0,0.0,0.0,0.0,0.0,0.0,0.0,0.0,0.0,0.0,0.0,0.0,0.0,0.0,0.0,0.0,-0.35768329121531695,0.0,0.0,0.0,0.0,0.0
-0.9864590099810017,-0.406777120668408,-0.676481425202546,1.404135495938558,2.0869897265579147,0.0,1.1511688439609813,0.0,0.0,0.0,0.0,0.0,0.0,0.0,0.0,0.0,0.0,0.0,0.0,0.0,0.0,0.0,0.0,0.0,2.4015878124457015,0.0,0.0,0.0,0.0,0.0
-0.9785881325649443,-0.406777120668408,-0.676481425202546,0.009133384602248927,-0.3718636240048648,0.0,-0.2790967792370893,0.0,0.0,0.0,0.0,0.0,0.0,0.0,0.0,0.0,0.0,0.0,0.0,0.0,0.0,0.0,0.0,0.0,-0.35768329121531695,0.0,0.0,0.0,0.0,0.0
-0.9746526938569156,2.4583486857786396,0.676481425202546,-1.6183690786234448,-0.3718636240048648,0.0,-0.4914695535907421,0.0,0.0,0.0,0.0,0.0,0.0,0.0,0.0,0.0,0.0,0.0,0.0,0.0,0.0,0.0,0.0,0.0,-0.35768329121531695,0.0,0.0,0.0,0.0,0.0
-0.9707172551488868,-0.406777120668408,-0.676481425202546,-0.3396171432318283,-0.3718636240048648,0.0,-0.06238986663132102,0.0,0.0,0.0,0.0,0.0,0.0,0.0,0.0,0.0,0.0,0.0,0.0,0.0,0.0,0.0,0.0,0.0,-0.35768329121531695,0.0,0.0,0.0,0.0,0.0
-0.9667818164408581,-0.406777120668408,0.676481425202546,2.4503870794407896,-0.3718636240048648,0.0,-0.4914695535907421,0.0,0.0,0.0,0.0,0.0,0.0,0.0,0.0,0.0,0.0,0.0,0.0,0.0,0.0,0.0,0.0,0.0,-0.35768329121531695,0.0,0.0,0.0,0.0,0.0
-0.9628463777328293,-0.406777120668408,0.676481425202546,-0.02584424186581628,-0.3718636240048648,0.0,-0.5048360359602659,0.0,0.0,0.0,0.0,0.0,0.0,0.0,0.0,0.0,0.0,0.0,0.0,0.0,0.0,0.0,0.0,0.0,-0.35768329121531695,0.0,0.0,0.0,0.0,0.0
-0.9549755003167719,-0.406777120668408,0.676481425202546,-0.9208680229552904,-0.3718636240048648,0.0,-0.37878195903574274,0.0,0.0,0.0,0.0,0.0,0.0,0.0,0.0,0.0,0.0,0.0,0.0,0.0,0.0,0.0,0.0,0.0,-0.35768329121531695,0.0,0.0,0.0,0.0,0.0
-0.9510400616087432,2.4583486857786396,-0.676481425202546,-1.2696185507893676,-0.3718636240048648,0.0,-0.2790967792370893,0.0,0.0,0.0,0.0,0.0,0.0,0.0,0.0,0.0,0.0,0.0,0.0,0.0,0.0,0.0,0.0,0.0,-0.35768329121531695,0.0,0.0,0.0,0.0,0.0
-0.9471046229007145,-0.406777120668408,0.676481425202546,-1.095243286872329,-0.3718636240048648,0.0,-0.560815765624588,0.0,0.0,0.0,0.0,0.0,0.0,0.0,0.0,0.0,0.0,0.0,0.0,0.0,0.0,0.0,0.0,0.0,-0.35768329121531695,0.0,0.0,0.0,0.0,0.0
-0.9431691841926858,-0.406777120668408,-0.676481425202546,-1.38586872673406,-0.3718636240048648,0.0,-0.06238986663132102,0.0,0.0,0.0,0.0,0.0,0.0,0.0,0.0,0.0,0.0,0.0,0.0,0.0,0.0,0.0,0.0,0.0,-0.35768329121531695,0.0,0.0,0.0,0.0,0.0
-0.9313628680685996,-0.406777120668408,0.676481425202546,-0.10711679134244348,-0.3718636240048648,0.0,-0.5153073139773767,0.0,0.0,0.0,0.0,0.0,0.0,0.0,0.0,0.0,0.0,0.0,0.0,0.0,0.0,0.0,0.0,0.0,-0.35768329121531695,0.0,0.0,0.0,0.0,0.0
-0.9195565519445135,-0.406777120668408,-0.676481425202546,-0.6883676710659055,-0.3718636240048648,0.0,-0.2790967792370893,0.0,0.0,0.0,0.0,0.0,0.0,0.0,0.0,0.0,0.0,0.0,0.0,0.0,0.0,0.0,0.0,0.0,-0.35768329121531695,0.0,0.0,0.0,0.0,0.0
-0.911685674528456,-0.406777120668408,-0.676481425202546,1.6366358478279426,2.0869897265579147,0.0,1.064486078918674,0.0,0.0,0.0,0.0,0.0,0.0,0.0,0.0,0.0,0.0,0.0,0.0,0.0,0.0,0.0,0.0,0.0,-0.35768329121531695,0.0,0.0,0.0,0.0,0.0
-0.9038147971123985,-0.406777120668408,-0.676481425202546,-1.2696185507893676,-0.3718636240048648,0.0,-0.2790967792370893,0.0,0.0,0.0,0.0,0.0,0.0,0.0,0.0,0.0,0.0,0.0,0.0,0.0,0.0,0.0,0.0,0.0,-0.35768329121531695,0.0,0.0,0.0,0.0,0.0
-0.8998793584043698,-0.406777120668408,-0.676481425202546,0.35788391243632617,-0.3718636240048648,0.0,-0.1252348712869938,0.0,0.0,0.0,0.0,0.0,0.0,0.0,0.0,0.0,0.0,0.0,0.0,0.0,0.0,0.0,0.0,0.0,-0.35768329121531695,0.0,0.0,0.0,0.0,0.0
-0.8880730422802837,-0.406777120668408,-0.676481425202546,-0.10711679134244348,-0.3718636240048648,0.0,-0.2790967792370893,0.0,0.0,0.0,0.0,0.0,0.0,0.0,0.0,0.0,0.0,0.0,0.0,0.0,0.0,0.0,0.0,0.0,-0.35768329121531695,0.0,0.0,0.0,0.0,0.0
-0.8841376035722549,-0.406777120668408,0.676481425202546,-0.9208680229552904,-0.3718636240048648,0.0,-0.5716511112548764,0.0,0.0,0.0,0.0,0.0,0.0,0.0,0.0,0.0,0.0,0.0,0.0,0.0,0.0,0.0,0.0,0.0,-0.35768329121531695,0.0,0.0,0.0,0.0,0.0
-0.8565895326160539,-0.406777120668408,0.676481425202546,-0.02584424186581628,-0.3718636240048648,0.0,-0.560815765624588,0.0,0.0,0.0,0.0,0.0,0.0,0.0,0.0,0.0,0.0,0.0,0.0,0.0,0.0,0.0,0.0,0.0,-0.35768329121531695,0.0,0.0,0.0,0.0,0.0
-0.8447832164919677,-0.406777120668408,0.676481425202546,0.009133384602248927,2.0869897265579147,0.0,0.20632670499983177,0.0,0.0,0.0,0.0,0.0,0.0,0.0,0.0,0.0,0.0,0.0,0.0,0.0,0.0,0.0,0.0,0.0,2.4015878124457015,0.0,0.0,0.0,0.0,0.0
-0.8054288294116806,-0.406777120668408,-2.029444275607638,1.171635144049173,-0.3718636240048648,0.0,-1.189265812181316,0.0,0.0,0.0,0.0,0.0,0.0,0.0,0.0,0.0,0.0,0.0,0.0,0.0,0.0,0.0,0.0,0.0,-0.35768329121531695,0.0,0.0,0.0,0.0,0.0
-0.7975579519956231,-0.406777120668408,-0.676481425202546,0.7066344402704033,-0.3718636240048648,0.0,-0.2790967792370893,0.0,0.0,0.0,0.0,0.0,0.0,0.0,0.0,0.0,0.0,0.0,0.0,0.0,0.0,0.0,0.0,0.0,-0.35768329121531695,0.0,0.0,0.0,0.0,0.0
-0.7896870745795657,2.4583486857786396,0.676481425202546,-0.5721174951212131,2.0869897265579147,0.0,-0.5153073139773767,0.0,0.0,0.0,0.0,0.0,0.0,0.0,0.0,0.0,0.0,0.0,0.0,0.0,0.0,0.0,0.0,0.0,-0.35768329121531695,0.0,0.0,0.0,0.0,0.0
-0.7778807584554794,-0.406777120668408,-2.029444275607638,-0.02584424186581628,-0.3718636240048648,0.0,1.4978999041302106,0.0,0.0,0.0,0.0,0.0,0.0,0.0,0.0,0.0,0.0,0.0,0.0,0.0,0.0,0.0,0.0,0.0,2.4015878124457015,0.0,0.0,0.0,0.0,0.0
-0.7503326874992784,-0.406777120668408,-0.676481425202546,-0.02584424186581628,-0.3718636240048648,0.0,-1.189265812181316,0.0,0.0,0.0,0.0,0.0,0.0,0.0,0.0,0.0,0.0,0.0,0.0,0.0,0.0,0.0,0.0,0.0,5.1608589161067195,0.0,0.0,0.0,0.0,0.0
-0.7345909326671636,-0.406777120668408,0.676481425202546,-0.2233669672871359,-0.3718636240048648,0.0,-0.508442038986026,0.0,0.0,0.0,0.0,0.0,0.0,0.0,0.0,0.0,0.0,0.0,0.0,0.0,0.0,0.0,0.0,0.0,-0.35768329121531695,0.0,0.0,0.0,0.0,0.0
-0.7306554939591349,-0.406777120668408,0.676481425202546,-1.6183690786234448,-0.3718636240048648,0.0,-0.36577954427939663,0.0,0.0,0.0,0.0,0.0,0.0,0.0,0.0,0.0,0.0,0.0,0.0,0.0,0.0,0.0,0.0,0.0,-0.35768329121531695,0.0,0.0,0.0,0.0,0.0
-0.7267200552511062,2.4583486857786396,0.676481425202546,-1.2696185507893676,-0.3718636240048648,0.0,-0.4914695535907421,0.0,0.0,0.0,0.0,0.0,0.0,0.0,0.0,0.0,0.0,0.0,0.0,0.0,0.0,0.0,0.0,0.0,-0.35768329121531695,0.0,0.0,0.0,0.0,0.0
-0.7227846165430774,-0.406777120668408,-2.029444275607638,-0.02584424186581628,-0.3718636240048648,0.0,1.064486078918674,0.0,0.0,0.0,0.0,0.0,0.0,0.0,0.0,0.0,0.0,0.0,0.0,0.0,0.0,0.0,0.0,0.0,-0.35768329121531695,0.0,0.0,0.0,0.0,0.0
-0.7149137391270199,2.4583486857786396,0.676481425202546,0.009133384602248927,-0.3718636240048648,0.0,-0.36577954427939663,0.0,0.0,0.0,0.0,0.0,0.0,0.0,0.0,0.0,0.0,0.0,0.0,0.0,0.0,0.0,0.0,0.0,-0.35768329121531695,0.0,0.0,0.0,0.0,0.0
-0.7109783004189912,-0.406777120668408,0.676481425202546,-0.9208680229552904,-0.3718636240048648,0.0,-0.5048360359602659,0.0,0.0,0.0,0.0,0.0,0.0,0.0,0.0,0.0,0.0,0.0,0.0,0.0,0.0,0.0,0.0,0.0,-0.35768329121531695,0.0,0.0,0.0,0.0,0.0
-0.7070428617109625,2.4583486857786396,-0.676481425202546,1.404135495938558,-0.3718636240048648,0.0,-0.06238986663132102,0.0,0.0,0.0,0.0,0.0,0.0,0.0,0.0,0.0,0.0,0.0,0.0,0.0,0.0,0.0,0.0,0.0,-0.35768329121531695,0.0,0.0,0.0,0.0,0.0
-0.6834302294627902,-0.406777120668408,0.676481425202546,-0.6883676710659055,-0.3718636240048648,0.0,-0.5048360359602659,0.0,0.0,0.0,0.0,0.0,0.0,0.0,0.0,0.0,0.0,0.0,0.0,0.0,0.0,0.0,0.0,0.0,-0.35768329121531695,0.0,0.0,0.0,0.0,0.0
-0.6676884746306753,2.4583486857786396,-2.029444275607638,-0.02584424186581628,-0.3718636240048648,0.0,1.4545585216090569,0.0,0.0,0.0,0.0,0.0,0.0,0.0,0.0,0.0,0.0,0.0,0.0,0.0,0.0,0.0,0.0,0.0,-0.35768329121531695,0.0,0.0,0.0,0.0,0.0
-0.644075842382503,-0.406777120668408,0.676481425202546,-0.02584424186581628,-0.3718636240048648,0.0,-0.4914695535907421,0.0,0.0,0.0,0.0,0.0,0.0,0.0,0.0,0.0,0.0,0.0,0.0,0.0,0.0,0.0,0.0,0.0,-0.35768329121531695,0.0,0.0,0.0,0.0,0.0
-0.6086568940102445,-0.406777120668408,0.676481425202546,-0.2233669672871359,-0.3718636240048648,0.0,-0.5048360359602659,0.0,0.0,0.0,0.0,0.0,0.0,0.0,0.0,0.0,0.0,0.0,0.0,0.0,0.0,0.0,0.0,0.0,-0.35768329121531695,0.0,0.0,0.0,0.0,0.0
-0.5811088230540434,-0.406777120668408,0.676481425202546,-0.9208680229552904,-0.3718636240048648,0.0,-0.560815765624588,0.0,0.0,0.0,0.0,0.0,0.0,0.0,0.0,0.0,0.0,0.0,0.0,0.0,0.0,0.0,0.0,0.0,-0.35768329121531695,0.0,0.0,0.0,0.0,0.0
-0.5771733843460147,-0.406777120668408,0.676481425202546,-0.3396171432318283,-0.3718636240048648,0.0,-0.5048360359602659,0.0,0.0,0.0,0.0,0.0,0.0,0.0,0.0,0.0,0.0,0.0,0.0,0.0,0.0,0.0,0.0,0.0,-0.35768329121531695,0.0,0.0,0.0,0.0,0.0
-0.5378189972657276,-0.406777120668408,-2.029444275607638,1.8110111117449812,-0.3718636240048648,0.0,1.2811929915244422,0.0,0.0,0.0,0.0,0.0,0.0,0.0,0.0,0.0,0.0,0.0,0.0,0.0,0.0,0.0,0.0,0.0,-0.35768329121531695,0.0,0.0,0.0,0.0,0.0
-0.52994811984967,-0.406777120668408,0.676481425202546,-1.6183690786234448,4.545843077120694,0.0,0.37102395858021553,0.0,0.0,0.0,0.0,0.0,0.0,0.0,0.0,0.0,0.0,0.0,0.0,0.0,0.0,0.0,0.0,0.0,2.4015878124457015,0.0,0.0,0.0,0.0,0.0
-0.5220772424336126,-0.406777120668408,0.676481425202546,-0.02584424186581628,-0.3718636240048648,0.0,-0.5048360359602659,0.0,0.0,0.0,0.0,0.0,0.0,0.0,0.0,0.0,0.0,0.0,0.0,0.0,0.0,0.0,0.0,0.0,-0.35768329121531695,0.0,0.0,0.0,0.0,0.0
-0.5102709263095265,2.4583486857786396,0.676481425202546,1.7528860237726351,-0.3718636240048648,0.0,-0.4914695535907421,0.0,0.0,0.0,0.0,0.0,0.0,0.0,0.0,0.0,0.0,0.0,0.0,0.0,0.0,0.0,0.0,0.0,-0.35768329121531695,0.0,0.0,0.0,0.0,0.0
-0.5063354876014977,-0.406777120668408,-2.029444275607638,1.7528860237726351,-0.3718636240048648,0.0,1.8879723468205936,0.0,0.0,0.0,0.0,0.0,0.0,0.0,0.0,0.0,0.0,0.0,0.0,0.0,0.0,0.0,0.0,0.0,-0.35768329121531695,0.0,0.0,0.0,0.0,0.0
-0.4945291714774116,-0.406777120668408,-0.676481425202546,-0.2233669672871359,-0.3718636240048648,0.0,-0.06238986663132102,0.0,0.0,0.0,0.0,0.0,0.0,0.0,0.0,0.0,0.0,0.0,0.0,0.0,0.0,0.0,0.0,0.0,-0.35768329121531695,0.0,0.0,0.0,0.0,0.0
-0.4905937327693829,-0.406777120668408,-0.676481425202546,-0.5721174951212131,-0.3718636240048648,0.0,-0.06238986663132102,0.0,0.0,0.0,0.0,0.0,0.0,0.0,0.0,0.0,0.0,0.0,0.0,0.0,0.0,0.0,0.0,0.0,-0.35768329121531695,0.0,0.0,0.0,0.0,0.0
-0.48665829406135414,-0.406777120668408,-0.676481425202546,0.7066344402704033,-0.3718636240048648,0.0,-0.06238986663132102,0.0,0.0,0.0,0.0,0.0,0.0,0.0,0.0,0.0,0.0,0.0,0.0,0.0,0.0,0.0,0.0,0.0,-0.35768329121531695,0.0,0.0,0.0,0.0,0.0
-0.46698110052121056,-0.406777120668408,0.676481425202546,1.404135495938558,-0.3718636240048648,0.0,-0.438376360002329,0.0,0.0,0.0,0.0,0.0,0.0,0.0,0.0,0.0,0.0,0.0,0.0,0.0,0.0,0.0,0.0,0.0,-0.35768329121531695,0.0,0.0,0.0,0.0,0.0
-0.46304566181318185,-0.406777120668408,0.676481425202546,-0.8046178470105979,-0.3718636240048648,0.0,-0.3896173046660312,0.0,0.0,0.0,0.0,0.0,0.0,0.0,0.0,0.0,0.0,0.0,0.0,0.0,0.0,0.0,0.0,0.0,-0.35768329121531695,0.0,0.0,0.0,0.0,0.0
-0.4591102231051531,-0.406777120668408,-2.029444275607638,-0.02584424186581628,-0.3718636240048648,0.0,1.8446309642994398,0.0,0.0,0.0,0.0,0.0,0.0,0.0,0.0,0.0,0.0,0.0,0.0,0.0,0.0,0.0,0.0,0.0,-0.35768329121531695,0.0,0.0,0.0,0.0,0.0
-0.4512393456890957,-0.406777120668408,0.676481425202546,-0.5721174951212131,2.0869897265579147,0.0,0.35368740557175415,0.0,0.0,0.0,0.0,0.0,0.0,0.0,0.0,0.0,0.0,0.0,0.0,0.0,0.0,0.0,0.0,0.0,2.4015878124457015,0.0,0.0,0.0,0.0,0.0
-0.4433684682730382,-0.406777120668408,0.676481425202546,-0.2233669672871359,-0.3718636240048648,0.0,-0.36577954427939663,0.0,0.0,0.0,0.0,0.0,0.0,0.0,0.0,0.0,0.0,0.0,0.0,0.0,0.0,0.0,0.0,0.0,-0.35768329121531695,0.0,0.0,0.0,0.0,0.0
-0.41188495860880847,-0.406777120668408,0.676481425202546,0.590384264325711,-0.3718636240048648,0.0,-0.5781523186330495,0.0,0.0,0.0,0.0,0.0,0.0,0.0,0.0,0.0,0.0,0.0,0.0,0.0,0.0,0.0,0.0,0.0,-0.35768329121531695,0.0,0.0,0.0,0.0,0.0
-0.404014081192751,-0.406777120668408,0.676481425202546,0.009133384602248927,-0.3718636240048648,0.0,-0.560815765624588,0.0,0.0,0.0,0.0,0.0,0.0,0.0,0.0,0.0,0.0,0.0,0.0,0.0,0.0,0.0,0.0,0.0,-0.35768329121531695,0.0,0.0,0.0,0.0,0.0
-0.38040144894457867,-0.406777120668408,0.676481425202546,-1.38586872673406,2.0869897265579147,0.0,-0.6261919070194962,0.0,0.0,0.0,0.0,0.0,0.0,0.0,0.0,0.0,0.0,0.0,0.0,0.0,0.0,0.0,0.0,0.0,-0.35768329121531695,0.0,0.0,0.0,0.0,0.0
-0.37646601023654996,-0.406777120668408,0.676481425202546,-1.2696185507893676,-0.3718636240048648,0.0,-0.4914695535907421,0.0,0.0,0.0,0.0,0.0,0.0,0.0,0.0,0.0,0.0,0.0,0.0,0.0,0.0,0.0,0.0,0.0,-0.35768329121531695,0.0,0.0,0.0,0.0,0.0
-0.3489179392803489,-0.406777120668408,0.676481425202546,-1.2696185507893676,-0.3718636240048648,0.0,-0.5153073139773767,0.0,0.0,0.0,0.0,0.0,0.0,0.0,0.0,0.0,0.0,0.0,0.0,0.0,0.0,0.0,0.0,0.0,-0.35768329121531695,0.0,0.0,0.0,0.0,0.0
-0.33711162315626275,-0.406777120668408,0.676481425202546,0.24163373649163375,-0.3718636240048648,0.0,-0.5023048992210306,0.0,0.0,0.0,0.0,0.0,0.0,0.0,0.0,0.0,0.0,0.0,0.0,0.0,0.0,0.0,0.0,0.0,-0.35768329121531695,0.0,0.0,0.0,0.0,0.0
-0.32924074574020534,-0.406777120668408,0.676481425202546,-0.02584424186581628,-0.3718636240048648,0.0,-0.5048360359602659,0.0,0.0,0.0,0.0,0.0,0.0,0.0,0.0,0.0,0.0,0.0,0.0,0.0,0.0,0.0,0.0,0.0,-0.35768329121531695,0.0,0.0,0.0,0.0,0.0
-0.3016926747840043,2.4583486857786396,0.676481425202546,-1.0371181988999827,-0.3718636240048648,0.0,-0.5135043124644968,0.0,0.0,0.0,0.0,0.0,0.0,0.0,0.0,0.0,0.0,0.0,0.0,0.0,0.0,0.0,0.0,0.0,-0.35768329121531695,0.0,0.0,0.0,0.0,0.0
-0.29775723607597554,-0.406777120668408,0.676481425202546,-0.2233669672871359,4.545843077120694,0.0,-0.5023048992210306,0.0,0.0,0.0,0.0,0.0,0.0,0.0,0.0,0.0,0.0,0.0,0.0,0.0,0.0,0.0,0.0,0.0,-0.35768329121531695,0.0,0.0,0.0,0.0,0.0
-0.28595091995188937,-0.406777120668408,0.676481425202546,-0.9208680229552904,-0.3718636240048648,0.0,-0.5135043124644968,0.0,0.0,0.0,0.0,0.0,0.0,0.0,0.0,0.0,0.0,0.0,0.0,0.0,0.0,0.0,0.0,0.0,-0.35768329121531695,0.0,0.0,0.0,0.0,0.0
-0.27808004253583196,-0.406777120668408,-0.676481425202546,1.8691361997173275,-0.3718636240048648,0.0,1.064486078918674,0.0,0.0,0.0,0.0,0.0,0.0,0.0,0.0,0.0,0.0,0.0,0.0,0.0,0.0,0.0,0.0,0.0,2.4015878124457015,0.0,0.0,0.0,0.0,0.0
-0.2662737264117458,2.4583486857786396,0.676481425202546,1.0553849681044807,-0.3718636240048648,0.0,-0.5023048992210306,0.0,0.0,0.0,0.0,0.0,0.0,0.0,0.0,0.0,0.0,0.0,0.0,0.0,0.0,0.0,0.0,0.0,-0.35768329121531695,0.0,0.0,0.0,0.0,0.0
-0.2623382877037171,-0.406777120668408,0.676481425202546,-0.4558673191765207,-0.3718636240048648,0.0,-0.4914695535907421,0.0,0.0,0.0,0.0,0.0,0.0,0.0,0.0,0.0,0.0,0.0,0.0,0.0,0.0,0.0,0.0,0.0,-0.35768329121531695,0.0,0.0,0.0,0.0,0.0
-0.2544674102876596,-0.406777120668408,0.676481425202546,-0.2233669672871359,2.0869897265579147,0.0,0.18465601373925478,0.0,0.0,0.0,0.0,0.0,0.0,0.0,0.0,0.0,0.0,0.0,0.0,0.0,0.0,0.0,0.0,0.0,2.4015878124457015,0.0,0.0,0.0,0.0,0.0
-0.2465965328716022,-0.406777120668408,-0.676481425202546,0.47413408838101856,2.0869897265579147,0.0,0.6310722537071375,0.0,0.0,0.0,0.0,0.0,0.0,0.0,0.0,0.0,0.0,0.0,0.0,0.0,0.0,0.0,0.0,0.0,-0.35768329121531695,0.0,0.0,0.0,0.0,0.0
-0.24266109416357345,-0.406777120668408,0.676481425202546,2.4503870794407896,-0.3718636240048648,0.0,-0.5174743831034344,0.0,0.0,0.0,0.0,0.0,0.0,0.0,0.0,0.0,0.0,0.0,0.0,0.0,0.0,0.0,0.0,0.0,-0.35768329121531695,0.0,0.0,0.0,0.0,0.0
-0.23479021674751602,-0.406777120668408,0.676481425202546,-1.0371181988999827,-0.3718636240048648,0.0,-0.5153073139773767,0.0,0.0,0.0,0.0,0.0,0.0,0.0,0.0,0.0,0.0,0.0,0.0,0.0,0.0,0.0,0.0,0.0,-0.35768329121531695,0.0,0.0,0.0,0.0,0.0
-0.22691933933145858,-0.406777120668408,0.676481425202546,-0.02584424186581628,-0.3718636240048648,0.0,-0.5048360359602659,0.0,0.0,0.0,0.0,0.0,0.0,0.0,0.0,0.0,0.0,0.0,0.0,0.0,0.0,0.0,0.0,0.0,-0.35768329121531695,0.0,0.0,0.0,0.0,0.0
-0.2151130232073724,-0.406777120668408,-0.676481425202546,-0.02584424186581628,-0.3718636240048648,0.0,-1.189265812181316,0.0,0.0,0.0,0.0,0.0,0.0,0.0,0.0,0.0,0.0,0.0,0.0,0.0,0.0,0.0,0.0,0.0,5.1608589161067195,0.0,0.0,0.0,0.0,0.0
-0.2111775844993437,2.4583486857786396,0.676481425202546,1.6366358478279426,-0.3718636240048648,0.0,-0.5023048992210306,0.0,0.0,0.0,0.0,0.0,0.0,0.0,0.0,0.0,0.0,0.0,0.0,0.0,0.0,0.0,0.0,0.0,-0.35768329121531695,0.0,0.0,0.0,0.0,0.0
-0.1954358296672288,-0.406777120668408,-0.676481425202546,0.009133384602248927,-0.3718636240048648,0.0,-0.06238986663132102,0.0,0.0,0.0,0.0,0.0,0.0,0.0,0.0,0.0,0.0,0.0,0.0,0.0,0.0,0.0,0.0,0.0,-0.35768329121531695,0.0,0.0,0.0,0.0,0.0
-0.17969407483511393,-0.406777120668408,0.676481425202546,-0.10711679134244348,-0.3718636240048648,0.0,-0.506639037473146,0.0,0.0,0.0,0.0,0.0,0.0,0.0,0.0,0.0,0.0,0.0,0.0,0.0,0.0,0.0,0.0,0.0,-0.35768329121531695,0.0,0.0,0.0,0.0,0.0
-0.16788775871102776,-0.406777120668408,0.676481425202546,-0.02584424186581628,-0.3718636240048648,0.0,-0.560815765624588,0.0,0.0,0.0,0.0,0.0,0.0,0.0,0.0,0.0,0.0,0.0,0.0,0.0,0.0,0.0,0.0,0.0,-0.35768329121531695,0.0,0.0,0.0,0.0,0.0
-0.1521460038789129,2.4583486857786396,0.676481425202546,0.24163373649163375,-0.3718636240048648,0.0,-0.4914695535907421,0.0,0.0,0.0,0.0,0.0,0.0,0.0,0.0,0.0,0.0,0.0,0.0,0.0,0.0,0.0,0.0,0.0,-0.35768329121531695,0.0,0.0,0.0,0.0,0.0
-0.14821056517088416,2.4583486857786396,-2.029444275607638,-0.2233669672871359,-0.3718636240048648,0.0,1.1121615996919432,0.0,0.0,0.0,0.0,0.0,0.0,0.0,0.0,0.0,0.0,0.0,0.0,0.0,0.0,0.0,0.0,0.0,-0.35768329121531695,0.0,0.0,0.0,0.0,0.0
-0.136404249046798,-0.406777120668408,0.676481425202546,-1.5021189026787525,-0.3718636240048648,0.0,-0.5716511112548764,0.0,0.0,0.0,0.0,0.0,0.0,0.0,0.0,0.0,0.0,0.0,0.0,0.0,0.0,0.0,0.0,0.0,-0.35768329121531695,0.0,0.0,0.0,0.0,0.0
-0.13246881033876928,-0.406777120668408,-2.029444275607638,2.334136903496097,2.0869897265579147,0.0,3.656300753683662,0.0,0.0,0.0,0.0,0.0,0.0,0.0,0.0,0.0,0.0,0.0,0.0,0.0,0.0,0.0,0.0,0.0,2.4015878124457015,0.0,0.0,0.0,0.0,0.0
-0.11279161679862568,-0.406777120668408,-0.676481425202546,0.12538356054694133,-0.3718636240048648,0.0,-0.2790967792370893,0.0,0.0,0.0,0.0,0.0,0.0,0.0,0.0,0.0,0.0,0.0,0.0,0.0,0.0,0.0,0.0,0.0,-0.35768329121531695,0.0,0.0,0.0,0.0,0.0
-0.10492073938256824,-0.406777120668408,0.676481425202546,-1.1533683748446752,-0.3718636240048648,0.0,-0.36577954427939663,0.0,0.0,0.0,0.0,0.0,0.0,0.0,0.0,0.0,0.0,0.0,0.0,0.0,0.0,0.0,0.0,0.0,-0.35768329121531695,0.0,0.0,0.0,0.0,0.0
-0.10098530067453951,-0.406777120668408,0.676481425202546,-0.5721174951212131,2.0869897265579147,0.0,-0.5153073139773767,0.0,0.0,0.0,0.0,0.0,0.0,0.0,0.0,0.0,0.0,0.0,0.0,0.0,0.0,0.0,0.0,0.0,-0.35768329121531695,0.0,0.0,0.0,0.0,0.0
-0.09311442325848207,2.4583486857786396,0.676481425202546,-0.02584424186581628,-0.3718636240048648,0.0,-0.4860518807755979,0.0,0.0,0.0,0.0,0.0,0.0,0.0,0.0,0.0,0.0,0.0,0.0,0.0,0.0,0.0,0.0,0.0,-0.35768329121531695,0.0,0.0,0.0,0.0,0.0
-0.08130810713439592,2.4583486857786396,-2.029444275607638,0.47413408838101856,-0.3718636240048648,0.0,1.1121615996919432,0.0,0.0,0.0,0.0,0.0,0.0,0.0,0.0,0.0,0.0,0.0,0.0,0.0,0.0,0.0,0.0,0.0,-0.35768329121531695,0.0,0.0,0.0,0.0,0.0
-0.06556635230228103,-0.406777120668408,0.676481425202546,-0.02584424186581628,2.0869897265579147,0.0,0.5415029525889212,0.0,0.0,0.0,0.0,0.0,0.0,0.0,0.0,0.0,0.0,0.0,0.0,0.0,0.0,0.0,0.0,0.0,-0.35768329121531695,0.0,0.0,0.0,0.0,0.0
-0.053760036178194866,-0.406777120668408,0.676481425202546,-0.02584424186581628,-0.3718636240048648,0.0,-0.4914695535907421,0.0,0.0,0.0,0.0,0.0,0.0,0.0,0.0,0.0,0.0,0.0,0.0,0.0,0.0,0.0,0.0,0.0,-0.35768329121531695,0.0,0.0,0.0,0.0,0.0
-0.03014740393002254,2.4583486857786396,-2.029444275607638,2.1016365516067124,-0.3718636240048648,0.0,1.1121615996919432,0.0,0.0,0.0,0.0,0.0,0.0,0.0,0.0,0.0,0.0,0.0,0.0,0.0,0.0,0.0,0.0,0.0,-0.35768329121531695,0.0,0.0,0.0,0.0,0.0
-0.02621196522199382,-0.406777120668408,0.676481425202546,0.47413408838101856,-0.3718636240048648,0.0,-0.4914695535907421,0.0,0.0,0.0,0.0,0.0,0.0,0.0,0.0,0.0,0.0,0.0,0.0,0.0,0.0,0.0,0.0,0.0,-0.35768329121531695,0.0,0.0,0.0,0.0,0.0
-0.022276526513965098,-0.406777120668408,-2.029444275607638,1.9853863756620198,-0.3718636240048648,0.0,2.1480206419475154,0.0,0.0,0.0,0.0,0.0,0.0,0.0,0.0,0.0,0.0,0.0,0.0,0.0,0.0,0.0,0.0,0.0,-0.35768329121531695,0.0,0.0,0.0,0.0,0.0
-0.01834108780593638,-0.406777120668408,-0.676481425202546,2.1016365516067124,-0.3718636240048648,0.0,-0.06238986663132102,0.0,0.0,0.0,0.0,0.0,0.0,0.0,0.0,0.0,0.0,0.0,0.0,0.0,0.0,0.0,0.0,0.0,-0.35768329121531695,0.0,0.0,0.0,0.0,0.0
-0.014405649097907657,-0.406777120668408,0.676481425202546,-0.02584424186581628,-0.3718636240048648,0.0,-0.4914695535907421,0.0,0.0,0.0,0.0,0.0,0.0,0.0,0.0,0.0,0.0,0.0,0.0,0.0,0.0,0.0,0.0,0.0,-0.35768329121531695,0.0,0.0,0.0,0.0,0.0
-0.010470210389878935,-0.406777120668408,0.676481425202546,0.9391347921597882,-0.3718636240048648,0.0,-0.5781523186330495,0.0,0.0,0.0,0.0,0.0,0.0,0.0,0.0,0.0,0.0,0.0,0.0,0.0,0.0,0.0,0.0,0.0,-0.35768329121531695,0.0,0.0,0.0,0.0,0.0
-0.006534771681850215,-0.406777120668408,-0.676481425202546,-0.02584424186581628,-0.3718636240048648,0.0,-1.189265812181316,0.0,0.0,0.0,0.0,0.0,0.0,0.0,0.0,0.0,0.0,0.0,0.0,0.0,0.0,0.0,0.0,0.0,5.1608589161067195,0.0,0.0,0.0,0.0,0.0
0.009206983150264669,-0.406777120668408,0.676481425202546,-0.02584424186581628,-0.3718636240048648,0.0,-0.560815765624588,0.0,0.0,0.0,0.0,0.0,0.0,0.0,0.0,0.0,0.0,0.0,0.0,0.0,0.0,0.0,0.0,0.0,-0.35768329121531695,0.0,0.0,0.0,0.0,0.0
0.013142421858293389,-0.406777120668408,0.676481425202546,0.9391347921597882,-0.3718636240048648,0.0,-0.438376360002329,0.0,0.0,0.0,0.0,0.0,0.0,0.0,0.0,0.0,0.0,0.0,0.0,0.0,0.0,0.0,0.0,0.0,-0.35768329121531695,0.0,0.0,0.0,0.0,0.0
0.028884176690408273,-0.406777120668408,-2.029444275607638,-0.02584424186581628,-0.3718636240048648,0.0,3.3182379700186644,0.0,0.0,0.0,0.0,0.0,0.0,0.0,0.0,0.0,0.0,0.0,0.0,0.0,0.0,0.0,0.0,0.0,2.4015878124457015,0.0,0.0,0.0,0.0,0.0
0.032819615398436995,-0.406777120668408,-0.676481425202546,0.47413408838101856,2.0869897265579147,0.0,0.6310722537071375,0.0,0.0,0.0,0.0,0.0,0.0,0.0,0.0,0.0,0.0,0.0,0.0,0.0,0.0,0.0,0.0,0.0,2.4015878124457015,0.0,0.0,0.0,0.0,0.0
0.036755054106465714,-0.406777120668408,0.676481425202546,-0.10711679134244348,2.0869897265579147,0.0,-0.5785163862462273,0.0,0.0,0.0,0.0,0.0,0.0,0.0,0.0,0.0,0.0,0.0,0.0,0.0,0.0,0.0,0.0,0.0,-0.35768329121531695,0.0,0.0,0.0,0.0,0.0
0.04069049281449443,-0.406777120668408,0.676481425202546,-0.9208680229552904,-0.3718636240048648,0.0,-0.5373420728511312,0.0,0.0,0.0,0.0,0.0,0.0,0.0,0.0,0.0,0.0,0.0,0.0,0.0,0.0,0.0,0.0,0.0,-0.35768329121531695,0.0,0.0,0.0,0.0,0.0
0.052496808938580594,-0.406777120668408,-0.676481425202546,-0.02584424186581628,-0.3718636240048648,0.0,-1.189265812181316,0.0,0.0,0.0,0.0,0.0,0.0,0.0,0.0,0.0,0.0,0.0,0.0,0.0,0.0,0.0,0.0,0.0,-0.35768329121531695,0.0,0.0,0.0,0.0,0.0
0.05643224764660932,-0.406777120668408,0.676481425202546,2.334136903496097,-0.3718636240048648,0.0,-0.4914695535907421,0.0,0.0,0.0,0.0,0.0,0.0,0.0,0.0,0.0,0.0,0.0,0.0,0.0,0.0,0.0,0.0,0.0,-0.35768329121531695,0.0,0.0,0.0,0.0,0.0
0.08004487989478164,-0.406777120668408,0.676481425202546,0.009133384602248927,-0.3718636240048648,0.0,-0.4914695535907421,0.0,0.0,0.0,0.0,0.0,0.0,0.0,0.0,0.0,0.0,0.0,0.0,0.0,0.0,0.0,0.0,0.0,-0.35768329121531695,0.0,0.0,0.0,0.0,0.0
0.08791575731083909,-0.406777120668408,0.676481425202546,-0.02584424186581628,2.0869897265579147,0.0,0.5415029525889212,0.0,0.0,0.0,0.0,0.0,0.0,0.0,0.0,0.0,0.0,0.0,0.0,0.0,0.0,0.0,0.0,0.0,-0.35768329121531695,0.0,0.0,0.0,0.0,0.0
0.0918511960188678,-0.406777120668408,0.676481425202546,-1.0371181988999827,-0.3718636240048648,0.0,-0.560815765624588,0.0,0.0,0.0,0.0,0.0,0.0,0.0,0.0,0.0,0.0,0.0,0.0,0.0,0.0,0.0,0.0,0.0,-0.35768329121531695,0.0,0.0,0.0,0.0,0.0
0.10365751214295396,-0.406777120668408,0.676481425202546,-1.0371181988999827,-0.3718636240048648,0.0,-0.4914695535907421,0.0,0.0,0.0,0.0,0.0,0.0,0.0,0.0,0.0,0.0,0.0,0.0,0.0,0.0,0.0,0.0,0.0,-0.35768329121531695,0.0,0.0,0.0,0.0,0.0
0.11546382826704013,-0.406777120668408,0.676481425202546,-0.02584424186581628,-0.3718636240048648,0.0,0.1196439399575243,0.0,0.0,0.0,0.0,0.0,0.0,0.0,0.0,0.0,0.0,0.0,0.0,0.0,0.0,0.0,0.0,0.0,-0.35768329121531695,0.0,0.0,0.0,0.0,0.0
0.12333470568309757,-0.406777120668408,0.676481425202546,-0.6883676710659055,-0.3718636240048648,0.0,-0.5135043124644968,0.0,0.0,0.0,0.0,0.0,0.0,0.0,0.0,0.0,0.0,0.0,0.0,0.0,0.0,0.0,0.0,0.0,-0.35768329121531695,0.0,0.0,0.0,0.0,0.0
0.1272701443911263,-0.406777120668408,0.676481425202546,-1.5021189026787525,-0.3718636240048648,0.0,-0.438376360002329,0.0,0.0,0.0,0.0,0.0,0.0,0.0,0.0,0.0,0.0,0.0,0.0,0.0,0.0,0.0,0.0,0.0,-0.35768329121531695,0.0,0.0,0.0,0.0,0.0
0.15481821534732734,2.4583486857786396,-2.029444275607638,-0.02584424186581628,-0.3718636240048648,0.0,1.1121615996919432,0.0,0.0,0.0,0.0,0.0,0.0,0.0,0.0,0.0,0.0,0.0,0.0,0.0,0.0,0.0,0.0,0.0,-0.35768329121531695,0.0,0.0,0.0,0.0,0.0
0.15875365405535605,-0.406777120668408,0.676481425202546,-0.2233669672871359,-0.3718636240048648,0.0,0.763263470396656,0.0,0.0,0.0,0.0,0.0,0.0,0.0,0.0,0.0,0.0,0.0,0.0,0.0,0.0,0.0,0.0,0.0,-0.35768329121531695,0.0,0.0,0.0,0.0,0.0
0.17055997017944222,-0.406777120668408,0.676481425202546,-0.02584424186581628,-0.3718636240048648,0.0,-0.4914695535907421,0.0,0.0,0.0,0.0,0.0,0.0,0.0,0.0,0.0,0.0,0.0,0.0,0.0,0.0,0.0,0.0,0.0,-0.35768329121531695,0.0,0.0,0.0,0.0,0.0
0.17449540888747095,2.4583486857786396,-2.029444275607638,0.7066344402704033,-0.3718636240048648,0.0,1.0894073738683374,0.0,0.0,0.0,0.0,0.0,0.0,0.0,0.0,0.0,0.0,0.0,0.0,0.0,0.0,0.0,0.0,0.0,-0.35768329121531695,0.0,0.0,0.0,0.0,0.0
0.18236628630352839,-0.406777120668408,0.676481425202546,-0.6883676710659055,-0.3718636240048648,0.0,-0.5395091419771889,0.0,0.0,0.0,0.0,0.0,0.0,0.0,0.0,0.0,0.0,0.0,0.0,0.0,0.0,0.0,0.0,0.0,-0.35768329121531695,0.0,0.0,0.0,0.0,0.0
0.1863017250115571,-0.406777120668408,-2.029444275607638,1.9853863756620198,-0.3718636240048648,0.0,1.7597512007700127,0.0,0.0,0.0,0.0,0.0,0.0,0.0,0.0,0.0,0.0,0.0,0.0,0.0,0.0,0.0,0.0,0.0,-0.35768329121531695,0.0,0.0,0.0,0.0,0.0
0.202043479843672,-0.406777120668408,0.676481425202546,0.24163373649163375,-0.3718636240048648,0.0,-0.5048360359602659,0.0,0.0,0.0,0.0,0.0,0.0,0.0,0.0,0.0,0.0,0.0,0.0,0.0,0.0,0.0,0.0,0.0,-0.35768329121531695,0.0,0.0,0.0,0.0,0.0
0.20991435725972943,-0.406777120668408,0.676481425202546,-0.9208680229552904,-0.3718636240048648,0.0,-0.5048360359602659,0.0,0.0,0.0,0.0,0.0,0.0,0.0,0.0,0.0,0.0,0.0,0.0,0.0,0.0,0.0,0.0,0.0,-0.35768329121531695,0.0,0.0,0.0,0.0,0.0
0.23746242821593047,-0.406777120668408,0.676481425202546,1.0553849681044807,-0.3718636240048648,0.0,-0.5023048992210306,0.0,0.0,0.0,0.0,0.0,0.0,0.0,0.0,0.0,0.0,0.0,0.0,0.0,0.0,0.0,0.0,0.0,-0.35768329121531695,0.0,0.0,0.0,0.0,0.0
0.27681681529621766,-0.406777120668408,0.676481425202546,-0.02584424186581628,-0.3718636240048648,0.0,0.06763428093213994,0.0,0.0,0.0,0.0,0.0,0.0,0.0,0.0,0.0,0.0,0.0,0.0,0.0,0.0,0.0,0.0,0.0,-0.35768329121531695,0.0,0.0,0.0,0.0,0.0
0.2964940088363613,2.4583486857786396,-0.676481425202546,0.24163373649163375,2.0869897265579147,0.0,1.064486078918674,0.0,0.0,0.0,0.0,0.0,0.0,0.0,0.0,0.0,0.0,0.0,0.0,0.0,0.0,0.0,0.0,0.0,2.4015878124457015,0.0,0.0,0.0,0.0,0.0
0.32797751850059104,-0.406777120668408,-0.676481425202546,-0.3396171432318283,-0.3718636240048648,0.0,1.064486078918674,0.0,0.0,0.0,0.0,0.0,0.0,0.0,0.0,0.0,0.0,0.0,0.0,0.0,0.0,0.0,0.0,0.0,-0.35768329121531695,0.0,0.0,0.0,0.0,0.0
0.36733190558087825,-0.406777120668408,0.676481425202546,1.171635144049173,-0.3718636240048648,0.0,-0.5048360359602659,0.0,0.0,0.0,0.0,0.0,0.0,0.0,0.0,0.0,0.0,0.0,0.0,0.0,0.0,0.0,0.0,0.0,-0.35768329121531695,0.0,0.0,0.0,0.0,0.0
0.371267344288907,-0.406777120668408,-0.676481425202546,-0.2233669672871359,-0.3718636240048648,0.0,-0.019048484110167366,0.0,0.0,0.0,0.0,0.0,0.0,0.0,0.0,0.0,0.0,0.0,0.0,0.0,0.0,0.0,0.0,0.0,-0.35768329121531695,0.0,0.0,0.0,0.0,0.0
0.3752027829969357,-0.406777120668408,0.676481425202546,-0.02584424186581628,-0.3718636240048648,0.0,-0.4914695535907421,0.0,0.0,0.0,0.0,0.0,0.0,0.0,0.0,0.0,0.0,0.0,0.0,0.0,0.0,0.0,0.0,0.0,-0.35768329121531695,0.0,0.0,0.0,0.0,0.0
0.3830736604129931,-0.406777120668408,0.676481425202546,-0.6883676710659055,4.545843077120694,0.0,0.9041229635904053,0.0,0.0,0.0,0.0,0.0,0.0,0.0,0.0,0.0,0.0,0.0,0.0,0.0,0.0,0.0,0.0,0.0,2.4015878124457015,0.0,0.0,0.0,0.0,0.0
0.3870090991210219,-0.406777120668408,0.676481425202546,-1.2696185507893676,-0.3718636240048648,0.0,-0.5048360359602659,0.0,0.0,0.0,0.0,0.0,0.0,0.0,0.0,0.0,0.0,0.0,0.0,0.0,0.0,0.0,0.0,0.0,-0.35768329121531695,0.0,0.0,0.0,0.0,0.0
0.39881541524510805,2.4583486857786396,0.676481425202546,0.24163373649163375,-0.3718636240048648,0.0,-0.508442038986026,0.0,0.0,0.0,0.0,0.0,0.0,0.0,0.0,0.0,0.0,0.0,0.0,0.0,0.0,0.0,0.0,0.0,-0.35768329121531695,0.0,0.0,0.0,0.0,0.0
0.41062173136919417,2.4583486857786396,-2.029444275607638,0.7066344402704033,-0.3718636240048648,0.0,1.098075650372568,0.0,0.0,0.0,0.0,0.0,0.0,0.0,0.0,0.0,0.0,0.0,0.0,0.0,0.0,0.0,0.0,0.0,-0.35768329121531695,0.0,0.0,0.0,0.0,0.0
0.41849260878525163,-0.406777120668408,0.676481425202546,-1.6183690786234448,-0.3718636240048648,0.0,-0.4914695535907421,0.0,0.0,0.0,0.0,0.0,0.0,0.0,0.0,0.0,0.0,0.0,0.0,0.0,0.0,0.0,0.0,0.0,-0.35768329121531695,0.0,0.0,0.0,0.0,0.0
0.42242804749328033,-0.406777120668408,0.676481425202546,-1.2696185507893676,-0.3718636240048648,0.0,0.06763428093213994,0.0,0.0,0.0,0.0,0.0,0.0,0.0,0.0,0.0,0.0,0.0,0.0,0.0,0.0,0.0,0.0,0.0,2.4015878124457015,0.0,0.0,0.0,0.0,0.0
0.4381698023253952,2.4583486857786396,0.676481425202546,0.24163373649163375,-0.3718636240048648,0.0,-0.5023048992210306,0.0,0.0,0.0,0.0,0.0,0.0,0.0,0.0,0.0,0.0,0.0,0.0,0.0,0.0,0.0,0.0,0.0,-0.35768329121531695,0.0,0.0,0.0,0.0,0.0
0.4499761184494814,-0.406777120668408,-0.676481425202546,2.799137607274867,-0.3718636240048648,0.0,1.064486078918674,0.0,0.0,0.0,0.0,0.0,0.0,0.0,0.0,0.0,0.0,0.0,0.0,0.0,0.0,0.0,0.0,0.0,2.4015878124457015,0.0,0.0,0.0,0.0,0.0
0.4657178732815963,-0.406777120668408,-0.676481425202546,1.9853863756620198,-0.3718636240048648,0.0,0.1109756634532936,0.0,0.0,0.0,0.0,0.0,0.0,0.0,0.0,0.0,0.0,0.0,0.0,0.0,0.0,0.0,0.0,0.0,-0.35768329121531695,0.0,0.0,0.0,0.0,0.0
0.4735887506976537,-0.406777120668408,0.676481425202546,-0.9208680229552904,-0.3718636240048648,0.0,-0.4914695535907421,0.0,0.0,0.0,0.0,0.0,0.0,0.0,0.0,0.0,0.0,0.0,0.0,0.0,0.0,0.0,0.0,0.0,-0.35768329121531695,0.0,0.0,0.0,0.0,0.0
0.4775241894056824,-0.406777120668408,0.676481425202546,-0.02584424186581628,-0.3718636240048648,0.0,-0.4914695535907421,0.0,0.0,0.0,0.0,0.0,0.0,0.0,0.0,0.0,0.0,0.0,0.0,0.0,0.0,0.0,0.0,0.0,-0.35768329121531695,0.0,0.0,0.0,0.0,0.0
0.4814596281137112,-0.406777120668408,0.676481425202546,0.590384264325711,-0.3718636240048648,0.0,-0.5716511112548764,0.0,0.0,0.0,0.0,0.0,0.0,0.0,0.0,0.0,0.0,0.0,0.0,0.0,0.0,0.0,0.0,0.0,-0.35768329121531695,0.0,0.0,0.0,0.0,0.0
0.4893305055297686,-0.406777120668408,0.676481425202546,1.9853863756620198,-0.3718636240048648,0.0,-0.560815765624588,0.0,0.0,0.0,0.0,0.0,0.0,0.0,0.0,0.0,0.0,0.0,0.0,0.0,0.0,0.0,0.0,0.0,-0.35768329121531695,0.0,0.0,0.0,0.0,0.0
0.49720138294582605,-0.406777120668408,-0.676481425202546,0.8228846162150958,2.0869897265579147,0.0,1.064486078918674,0.0,0.0,0.0,0.0,0.0,0.0,0.0,0.0,0.0,0.0,0.0,0.0,0.0,0.0,0.0,0.0,0.0,-0.35768329121531695,0.0,0.0,0.0,0.0,0.0
0.5247494539020271,-0.406777120668408,0.676481425202546,-0.02584424186581628,-0.3718636240048648,0.0,-0.5048360359602659,0.0,0.0,0.0,0.0,0.0,0.0,0.0,0.0,0.0,0.0,0.0,0.0,0.0,0.0,0.0,0.0,0.0,-0.35768329121531695,0.0,0.0,0.0,0.0,0.0
0.5286848926100558,-0.406777120668408,-2.029444275607638,-0.02584424186581628,-0.3718636240048648,0.0,2.486083425612514,0.0,0.0,0.0,0.0,0.0,0.0,0.0,0.0,0.0,0.0,0.0,0.0,0.0,0.0,0.0,0.0,0.0,-0.35768329121531695,0.0,0.0,0.0,0.0,0.0
0.5326203313180845,-0.406777120668408,0.676481425202546,1.6366358478279426,-0.3718636240048648,0.0,-0.4914695535907421,0.0,0.0,0.0,0.0,0.0,0.0,0.0,0.0,0.0,0.0,0.0,0.0,0.0,0.0,0.0,0.0,0.0,-0.35768329121531695,0.0,0.0,0.0,0.0,0.0
0.540491208734142,-0.406777120668408,0.676481425202546,0.7066344402704033,2.0869897265579147,0.0,0.15865118422656269,0.0,0.0,0.0,0.0,0.0,0.0,0.0,0.0,0.0,0.0,0.0,0.0,0.0,0.0,0.0,0.0,0.0,-0.35768329121531695,0.0,0.0,0.0,0.0,0.0
0.5444266474421707,-0.406777120668408,0.676481425202546,0.009133384602248927,-0.3718636240048648,0.0,-0.5048360359602659,0.0,0.0,0.0,0.0,0.0,0.0,0.0,0.0,0.0,0.0,0.0,0.0,0.0,0.0,0.0,0.0,0.0,-0.35768329121531695,0.0,0.0,0.0,0.0,0.0
0.5483620861501994,2.4583486857786396,-2.029444275607638,-0.3396171432318283,-0.3718636240048648,0.0,1.4545585216090569,0.0,0.0,0.0,0.0,0.0,0.0,0.0,0.0,0.0,0.0,0.0,0.0,0.0,0.0,0.0,0.0,0.0,-0.35768329121531695,0.0,0.0,0.0,0.0,0.0
0.5641038409823143,-0.406777120668408,0.676481425202546,-0.02584424186581628,-0.3718636240048648,0.0,-0.5781523186330495,0.0,0.0,0.0,0.0,0.0,0.0,0.0,0.0,0.0,0.0,0.0,0.0,0.0,0.0,0.0,0.0,0.0,-0.35768329121531695,0.0,0.0,0.0,0.0,0.0
0.5759101571064005,-0.406777120668408,0.676481425202546,0.590384264325711,-0.3718636240048648,0.0,-0.4914695535907421,0.0,0.0,0.0,0.0,0.0,0.0,0.0,0.0,0.0,0.0,0.0,0.0,0.0,0.0,0.0,0.0,0.0,-0.35768329121531695,0.0,0.0,0.0,0.0,0.0
0.5955873506465441,-0.406777120668408,-0.676481425202546,-0.4558673191765207,-0.3718636240048648,0.0,-0.2790967792370893,0.0,0.0,0.0,0.0,0.0,0.0,0.0,0.0,0.0,0.0,0.0,0.0,0.0,0.0,0.0,0.0,0.0,-0.35768329121531695,0.0,0.0,0.0,0.0,0.0
0.6034582280626015,2.4583486857786396,-2.029444275607638,1.404135495938558,2.0869897265579147,0.0,3.366277558405111,0.0,0.0,0.0,0.0,0.0,0.0,0.0,0.0,0.0,0.0,0.0,0.0,0.0,0.0,0.0,0.0,0.0,-0.35768329121531695,0.0,0.0,0.0,0.0,0.0
0.6113291054786589,-0.406777120668408,0.676481425202546,-1.0371181988999827,-0.3718636240048648,0.0,-0.508442038986026,0.0,0.0,0.0,0.0,0.0,0.0,0.0,0.0,0.0,0.0,0.0,0.0,0.0,0.0,0.0,0.0,0.0,-0.35768329121531695,0.0,0.0,0.0,0.0,0.0
0.6152645441866876,-0.406777120668408,0.676481425202546,-1.0371181988999827,-0.3718636240048648,0.0,0.20632670499983177,0.0,0.0,0.0,0.0,0.0,0.0,0.0,0.0,0.0,0.0,0.0,0.0,0.0,0.0,0.0,0.0,0.0,2.4015878124457015,0.0,0.0,0.0,0.0,0.0
0.6310062990188026,-0.406777120668408,0.676481425202546,-0.4558673191765207,-0.3718636240048648,0.0,-0.5048360359602659,0.0,0.0,0.0,0.0,0.0,0.0,0.0,0.0,0.0,0.0,0.0,0.0,0.0,0.0,0.0,0.0,0.0,-0.35768329121531695,0.0,0.0,0.0,0.0,0.0
0.6428126151428887,-0.406777120668408,0.676481425202546,2.4503870794407896,-0.3718636240048648,0.0,-0.5777882510198719,0.0,0.0,0.0,0.0,0.0,0.0,0.0,0.0,0.0,0.0,0.0,0.0,0.0,0.0,0.0,0.0,0.0,-0.35768329121531695,0.0,0.0,0.0,0.0,0.0
0.6506834925589462,-0.406777120668408,-2.029444275607638,-0.02584424186581628,-0.3718636240048648,0.0,-1.189265812181316,0.0,0.0,0.0,0.0,0.0,0.0,0.0,0.0,0.0,0.0,0.0,0.0,0.0,0.0,0.0,0.0,0.0,-0.35768329121531695,0.0,0.0,0.0,0.0,0.0
0.6624898086830323,-0.406777120668408,0.676481425202546,0.24163373649163375,-0.3718636240048648,0.0,-0.5023048992210306,0.0,0.0,0.0,0.0,0.0,0.0,0.0,0.0,0.0,0.0,0.0,0.0,0.0,0.0,0.0,0.0,0.0,-0.35768329121531695,0.0,0.0,0.0,0.0,0.0
0.6742961248071185,-0.406777120668408,0.676481425202546,-0.02584424186581628,2.0869897265579147,0.0,0.20632670499983177,0.0,0.0,0.0,0.0,0.0,0.0,0.0,0.0,0.0,0.0,0.0,0.0,0.0,0.0,0.0,0.0,0.0,2.4015878124457015,0.0,0.0,0.0,0.0,0.0
0.6782315635151472,-0.406777120668408,0.676481425202546,-1.1533683748446752,-0.3718636240048648,0.0,-0.508442038986026,0.0,0.0,0.0,0.0,0.0,0.0,0.0,0.0,0.0,0.0,0.0,0.0,0.0,0.0,0.0,0.0,0.0,-0.35768329121531695,0.0,0.0,0.0,0.0,0.0
0.7018441957633196,-0.406777120668408,0.676481425202546,-1.2696185507893676,-0.3718636240048648,0.0,-0.5048360359602659,0.0,0.0,0.0,0.0,0.0,0.0,0.0,0.0,0.0,0.0,0.0,0.0,0.0,0.0,0.0,0.0,0.0,-0.35768329121531695,0.0,0.0,0.0,0.0,0.0
0.709715073179377,-0.406777120668408,0.676481425202546,-0.02584424186581628,-0.3718636240048648,0.0,-0.5348109361118959,0.0,0.0,0.0,0.0,0.0,0.0,0.0,0.0,0.0,0.0,0.0,0.0,0.0,0.0,0.0,0.0,0.0,-0.35768329121531695,0.0,0.0,0.0,0.0,0.0
0.7175859505954344,-0.406777120668408,0.676481425202546,-0.02584424186581628,-0.3718636240048648,0.0,-0.5048360359602659,0.0,0.0,0.0,0.0,0.0,0.0,0.0,0.0,0.0,0.0,0.0,0.0,0.0,0.0,0.0,0.0,0.0,-0.35768329121531695,0.0,0.0,0.0,0.0,0.0
0.7254568280114918,-0.406777120668408,0.676481425202546,-1.0371181988999827,-0.3718636240048648,0.0,-0.4582440497500259,0.0,0.0,0.0,0.0,0.0,0.0,0.0,0.0,0.0,0.0,0.0,0.0,0.0,0.0,0.0,0.0,0.0,-0.35768329121531695,0.0,0.0,0.0,0.0,0.0
0.7411985828436067,-0.406777120668408,0.676481425202546,-0.02584424186581628,-0.3718636240048648,0.0,-0.5048360359602659,0.0,0.0,0.0,0.0,0.0,0.0,0.0,0.0,0.0,0.0,0.0,0.0,0.0,0.0,0.0,0.0,0.0,-0.35768329121531695,0.0,0.0,0.0,0.0,0.0
0.7490694602596641,-0.406777120668408,-0.676481425202546,-0.8046178470105979,-0.3718636240048648,0.0,-0.06238986663132102,0.0,0.0,0.0,0.0,0.0,0.0,0.0,0.0,0.0,0.0,0.0,0.0,0.0,0.0,0.0,0.0,0.0,-0.35768329121531695,0.0,0.0,0.0,0.0,0.0
0.7648112150917791,-0.406777120668408,-2.029444275607638,1.9853863756620198,-0.3718636240048648,0.0,1.0287294383387222,0.0,0.0,0.0,0.0,0.0,0.0,0.0,0.0,0.0,0.0,0.0,0.0,0.0,0.0,0.0,0.0,0.0,-0.35768329121531695,0.0,0.0,0.0,0.0,0.0
0.7687466537998078,-0.406777120668408,0.676481425202546,0.7066344402704033,-0.3718636240048648,0.0,-0.5395091419771889,0.0,0.0,0.0,0.0,0.0,0.0,0.0,0.0,0.0,0.0,0.0,0.0,0.0,0.0,0.0,0.0,0.0,-0.35768329121531695,0.0,0.0,0.0,0.0,0.0
0.7726820925078365,2.4583486857786396,0.676481425202546,-1.1533683748446752,2.0869897265579147,0.0,-0.5023048992210306,0.0,0.0,0.0,0.0,0.0,0.0,0.0,0.0,0.0,0.0,0.0,0.0,0.0,0.0,0.0,0.0,0.0,-0.35768329121531695,0.0,0.0,0.0,0.0,0.0
0.7805529699238939,-0.406777120668408,-0.676481425202546,-0.5721174951212131,-0.3718636240048648,0.0,-0.06238986663132102,0.0,0.0,0.0,0.0,0.0,0.0,0.0,0.0,0.0,0.0,0.0,0.0,0.0,0.0,0.0,0.0,0.0,-0.35768329121531695,0.0,0.0,0.0,0.0,0.0
0.7844884086319227,-0.406777120668408,0.676481425202546,-0.02584424186581628,-0.3718636240048648,0.0,-0.5153073139773767,0.0,0.0,0.0,0.0,0.0,0.0,0.0,0.0,0.0,0.0,0.0,0.0,0.0,0.0,0.0,0.0,0.0,-0.35768329121531695,0.0,0.0,0.0,0.0,0.0
0.7884238473399514,-0.406777120668408,0.676481425202546,1.5203856718832502,-0.3718636240048648,0.0,-0.4914695535907421,0.0,0.0,0.0,0.0,0.0,0.0,0.0,0.0,0.0,0.0,0.0,0.0,0.0,0.0,0.0,0.0,0.0,-0.35768329121531695,0.0,0.0,0.0,0.0,0.0
0.8002301634640375,-0.406777120668408,-2.029444275607638,0.12538356054694133,2.0869897265579147,0.0,3.3182379700186644,0.0,0.0,0.0,0.0,0.0,0.0,0.0,0.0,0.0,0.0,0.0,0.0,0.0,0.0,0.0,0.0,0.0,-0.35768329121531695,0.0,0.0,0.0,0.0,0.0
0.8081010408800949,2.4583486857786396,-0.676481425202546,0.12538356054694133,-0.3718636240048648,0.0,-0.06238986663132102,0.0,0.0,0.0,0.0,0.0,0.0,0.0,0.0,0.0,0.0,0.0,0.0,0.0,0.0,0.0,0.0,0.0,-0.35768329121531695,0.0,0.0,0.0,0.0,0.0
0.8120364795881237,-0.406777120668408,-0.676481425202546,-0.02584424186581628,-0.3718636240048648,0.0,-1.189265812181316,0.0,0.0,0.0,0.0,0.0,0.0,0.0,0.0,0.0,0.0,0.0,0.0,0.0,0.0,0.0,0.0,0.0,-0.35768329121531695,0.0,0.0,0.0,0.0,0.0
0.8159719182961525,-0.406777120668408,0.676481425202546,-1.38586872673406,-0.3718636240048648,0.0,-0.5153073139773767,0.0,0.0,0.0,0.0,0.0,0.0,0.0,0.0,0.0,0.0,0.0,0.0,0.0,0.0,0.0,0.0,0.0,-0.35768329121531695,0.0,0.0,0.0,0.0,0.0
0.8199073570041812,-0.406777120668408,0.676481425202546,-0.6302425830935593,-0.3718636240048648,0.0,-0.4914695535907421,0.0,0.0,0.0,0.0,0.0,0.0,0.0,0.0,0.0,0.0,0.0,0.0,0.0,0.0,0.0,0.0,0.0,-0.35768329121531695,0.0,0.0,0.0,0.0,0.0
0.8435199892523535,-0.406777120668408,0.676481425202546,-1.1533683748446752,-0.3718636240048648,0.0,-0.3896173046660312,0.0,0.0,0.0,0.0,0.0,0.0,0.0,0.0,0.0,0.0,0.0,0.0,0.0,0.0,0.0,0.0,0.0,-0.35768329121531695,0.0,0.0,0.0,0.0,0.0
0.8631971827924971,-0.406777120668408,0.676481425202546,-1.2696185507893676,-0.3718636240048648,0.0,-0.30763274548901687,0.0,0.0,0.0,0.0,0.0,0.0,0.0,0.0,0.0,0.0,0.0,0.0,0.0,0.0,0.0,0.0,0.0,-0.35768329121531695,0.0,0.0,0.0,0.0,0.0
0.8671326215005258,-0.406777120668408,0.676481425202546,-1.38586872673406,-0.3718636240048648,0.0,-0.5135043124644968,0.0,0.0,0.0,0.0,0.0,0.0,0.0,0.0,0.0,0.0,0.0,0.0,0.0,0.0,0.0,0.0,0.0,-0.35768329121531695,0.0,0.0,0.0,0.0,0.0
0.8750034989165832,2.4583486857786396,-2.029444275607638,0.12538356054694133,2.0869897265579147,0.0,3.751651795230201,0.0,0.0,0.0,0.0,0.0,0.0,0.0,0.0,0.0,0.0,0.0,0.0,0.0,0.0,0.0,0.0,0.0,2.4015878124457015,0.0,0.0,0.0,0.0,0.0
0.8946806924567269,-0.406777120668408,-0.676481425202546,2.5666372553854817,-0.3718636240048648,0.0,-0.019048484110167366,0.0,0.0,0.0,0.0,0.0,0.0,0.0,0.0,0.0,0.0,0.0,0.0,0.0,0.0,0.0,0.0,0.0,-0.35768329121531695,0.0,0.0,0.0,0.0,0.0
0.8986161311647556,-0.406777120668408,0.676481425202546,1.6366358478279426,-0.3718636240048648,0.0,-0.4914695535907421,0.0,0.0,0.0,0.0,0.0,0.0,0.0,0.0,0.0,0.0,0.0,0.0,0.0,0.0,0.0,0.0,0.0,-0.35768329121531695,0.0,0.0,0.0,0.0,0.0
0.9104224472888417,-0.406777120668408,0.676481425202546,1.404135495938558,-0.3718636240048648,0.0,-0.5261426596076652,0.0,0.0,0.0,0.0,0.0,0.0,0.0,0.0,0.0,0.0,0.0,0.0,0.0,0.0,0.0,0.0,0.0,-0.35768329121531695,0.0,0.0,0.0,0.0,0.0
0.9182933247048992,2.4583486857786396,-2.029444275607638,0.590384264325711,-0.3718636240048648,0.0,1.0894073738683374,0.0,0.0,0.0,0.0,0.0,0.0,0.0,0.0,0.0,0.0,0.0,0.0,0.0,0.0,0.0,0.0,0.0,-0.35768329121531695,0.0,0.0,0.0,0.0,0.0
0.9300996408289853,-0.406777120668408,0.676481425202546,-0.4558673191765207,2.0869897265579147,0.0,-0.508442038986026,0.0,0.0,0.0,0.0,0.0,0.0,0.0,0.0,0.0,0.0,0.0,0.0,0.0,0.0,0.0,0.0,0.0,-0.35768329121531695,0.0,0.0,0.0,0.0,0.0
0.934035079537014,-0.406777120668408,-0.676481425202546,1.0553849681044807,-0.3718636240048648,0.0,1.064486078918674,0.0,0.0,0.0,0.0,0.0,0.0,0.0,0.0,0.0,0.0,0.0,0.0,0.0,0.0,0.0,0.0,0.0,2.4015878124457015,0.0,0.0,0.0,0.0,0.0
0.9419059569530714,2.4583486857786396,-2.029444275607638,1.404135495938558,-0.3718636240048648,0.0,1.0894073738683374,0.0,0.0,0.0,0.0,0.0,0.0,0.0,0.0,0.0,0.0,0.0,0.0,0.0,0.0,0.0,0.0,0.0,-0.35768329121531695,0.0,0.0,0.0,0.0,0.0
0.9576477117851864,-0.406777120668408,-2.029444275607638,-0.02584424186581628,-0.3718636240048648,0.0,1.1121615996919432,0.0,0.0,0.0,0.0,0.0,0.0,0.0,0.0,0.0,0.0,0.0,0.0,0.0,0.0,0.0,0.0,0.0,-0.35768329121531695,0.0,0.0,0.0,0.0,0.0
0.9615831504932151,2.4583486857786396,-2.029444275607638,2.1016365516067124,2.0869897265579147,0.0,3.3182379700186644,0.0,0.0,0.0,0.0,0.0,0.0,0.0,0.0,0.0,0.0,0.0,0.0,0.0,0.0,0.0,0.0,0.0,2.4015878124457015,0.0,0.0,0.0,0.0,0.0
0.9655185892012438,-0.406777120668408,0.676481425202546,-0.10711679134244348,-0.3718636240048648,0.0,-0.36722714645560317,0.0,0.0,0.0,0.0,0.0,0.0,0.0,0.0,0.0,0.0,0.0,0.0,0.0,0.0,0.0,0.0,0.0,-0.35768329121531695,0.0,0.0,0.0,0.0,0.0
0.9694540279092725,-0.406777120668408,-0.676481425202546,2.5666372553854817,-0.3718636240048648,0.0,-0.06238986663132102,0.0,0.0,0.0,0.0,0.0,0.0,0.0,0.0,0.0,0.0,0.0,0.0,0.0,0.0,0.0,0.0,0.0,2.4015878124457015,0.0,0.0,0.0,0.0,0.0
0.9733894666173013,-0.406777120668408,0.676481425202546,-1.2696185507893676,-0.3718636240048648,0.0,-0.5261426596076652,0.0,0.0,0.0,0.0,0.0,0.0,0.0,0.0,0.0,0.0,0.0,0.0,0.0,0.0,0.0,0.0,0.0,-0.35768329121531695,0.0,0.0,0.0,0.0,0.0
0.9891312214494161,-0.406777120668408,0.676481425202546,0.35788391243632617,-0.3718636240048648,0.0,-0.5153073139773767,0.0,0.0,0.0,0.0,0.0,0.0,0.0,0.0,0.0,0.0,0.0,0.0,0.0,0.0,0.0,0.0,0.0,-0.35768329121531695,0.0,0.0,0.0,0.0,0.0
0.9970020988654736,-0.406777120668408,0.676481425202546,-1.5021189026787525,2.0869897265579147,0.0,-0.5777882510198719,0.0,0.0,0.0,0.0,0.0,0.0,0.0,0.0,0.0,0.0,0.0,0.0,0.0,0.0,0.0,0.0,0.0,-0.35768329121531695,0.0,0.0,0.0,0.0,0.0
1.0009375375735023,-0.406777120668408,-0.676481425202546,0.47413408838101856,-0.3718636240048648,0.0,-0.06238986663132102,0.0,0.0,0.0,0.0,0.0,0.0,0.0,0.0,0.0,0.0,0.0,0.0,0.0,0.0,0.0,0.0,0.0,-0.35768329121531695,0.0,0.0,0.0,0.0,0.0
1.004872976281531,-0.406777120668408,-0.676481425202546,2.334136903496097,-0.3718636240048648,0.0,-0.06238986663132102,0.0,0.0,0.0,0.0,0.0,0.0,0.0,0.0,0.0,0.0,0.0,0.0,0.0,0.0,0.0,0.0,0.0,-0.35768329121531695,0.0,0.0,0.0,0.0,0.0
1.0088084149895598,2.4583486857786396,-2.029444275607638,-0.3396171432318283,2.0869897265579147,0.0,3.413589011565202,0.0,0.0,0.0,0.0,0.0,0.0,0.0,0.0,0.0,0.0,0.0,0.0,0.0,0.0,0.0,0.0,0.0,2.4015878124457015,0.0,0.0,0.0,0.0,0.0
1.0127438536975886,-0.406777120668408,0.676481425202546,-1.1533683748446752,-0.3718636240048648,0.0,-0.438376360002329,0.0,0.0,0.0,0.0,0.0,0.0,0.0,0.0,0.0,0.0,0.0,0.0,0.0,0.0,0.0,0.0,0.0,-0.35768329121531695,0.0,0.0,0.0,0.0,0.0
1.0245501698216746,-0.406777120668408,-0.676481425202546,-0.5721174951212131,2.0869897265579147,0.0,1.064486078918674,0.0,0.0,0.0,0.0,0.0,0.0,0.0,0.0,0.0,0.0,0.0,0.0,0.0,0.0,0.0,0.0,0.0,-0.35768329121531695,0.0,0.0,0.0,0.0,0.0
1.0402919246537896,-0.406777120668408,-0.676481425202546,-0.02584424186581628,-0.3718636240048648,0.0,-1.189265812181316,0.0,0.0,0.0,0.0,0.0,0.0,0.0,0.0,0.0,0.0,0.0,0.0,0.0,0.0,0.0,0.0,0.0,-0.35768329121531695,0.0,0.0,0.0,0.0,0.0
1.0442273633618182,-0.406777120668408,-0.676481425202546,-0.8046178470105979,-0.3718636240048648,0.0,-0.06238986663132102,0.0,0.0,0.0,0.0,0.0,0.0,0.0,0.0,0.0,0.0,0.0,0.0,0.0,0.0,0.0,0.0,0.0,-0.35768329121531695,0.0,0.0,0.0,0.0,0.0
1.048162802069847,-0.406777120668408,-0.676481425202546,-0.8046178470105979,-0.3718636240048648,0.0,-0.06238986663132102,0.0,0.0,0.0,0.0,0.0,0.0,0.0,0.0,0.0,0.0,0.0,0.0,0.0,0.0,0.0,0.0,0.0,-0.35768329121531695,0.0,0.0,0.0,0.0,0.0
1.0520982407778756,-0.406777120668408,0.676481425202546,-0.16524187931478967,-0.3718636240048648,0.0,0.20632670499983177,0.0,0.0,0.0,0.0,0.0,0.0,0.0,0.0,0.0,0.0,0.0,0.0,0.0,0.0,0.0,0.0,0.0,2.4015878124457015,0.0,0.0,0.0,0.0,0.0
1.0639045569019618,-0.406777120668408,0.676481425202546,-0.02584424186581628,-0.3718636240048648,0.0,-0.5048360359602659,0.0,0.0,0.0,0.0,0.0,0.0,0.0,0.0,0.0,0.0,0.0,0.0,0.0,0.0,0.0,0.0,0.0,-0.35768329121531695,0.0,0.0,0.0,0.0,0.0
1.0678399956099907,-0.406777120668408,0.676481425202546,-0.02584424186581628,-0.3718636240048648,0.0,-0.5048360359602659,0.0,0.0,0.0,0.0,0.0,0.0,0.0,0.0,0.0,0.0,0.0,0.0,0.0,0.0,0.0,0.0,0.0,-0.35768329121531695,0.0,0.0,0.0,0.0,0.0
1.0717754343180192,2.4583486857786396,-2.029444275607638,-0.02584424186581628,-0.3718636240048648,0.0,1.4112171390879034,0.0,0.0,0.0,0.0,0.0,0.0,0.0,0.0,0.0,0.0,0.0,0.0,0.0,0.0,0.0,0.0,0.0,-0.35768329121531695,0.0,0.0,0.0,0.0,0.0
1.0835817504421055,-0.406777120668408,0.676481425202546,-0.6883676710659055,2.0869897265579147,0.0,0.20632670499983177,0.0,0.0,0.0,0.0,0.0,0.0,0.0,0.0,0.0,0.0,0.0,0.0,0.0,0.0,0.0,0.0,0.0,-0.35768329121531695,0.0,0.0,0.0,0.0,0.0
1.087517189150134,2.4583486857786396,0.676481425202546,0.12538356054694133,-0.3718636240048648,0.0,-0.5023048992210306,0.0,0.0,0.0,0.0,0.0,0.0,0.0,0.0,0.0,0.0,0.0,0.0,0.0,0.0,0.0,0.0,0.0,-0.35768329121531695,0.0,0.0,0.0,0.0,0.0
1.103258943982249,-0.406777120668408,-2.029444275607638,-1.2696185507893676,2.0869897265579147,0.0,3.413589011565202,0.0,0.0,0.0,0.0,0.0,0.0,0.0,0.0,0.0,0.0,0.0,0.0,0.0,0.0,0.0,0.0,0.0,-0.35768329121531695,0.0,0.0,0.0,0.0,0.0
1.119000698814364,-0.406777120668408,0.676481425202546,0.35788391243632617,-0.3718636240048648,0.0,-0.36577954427939663,0.0,0.0,0.0,0.0,0.0,0.0,0.0,0.0,0.0,0.0,0.0,0.0,0.0,0.0,0.0,0.0,0.0,-0.35768329121531695,0.0,0.0,0.0,0.0,0.0
1.1229361375223927,-0.406777120668408,0.676481425202546,-0.8046178470105979,-0.3718636240048648,0.0,-0.5048360359602659,0.0,0.0,0.0,0.0,0.0,0.0,0.0,0.0,0.0,0.0,0.0,0.0,0.0,0.0,0.0,0.0,0.0,-0.35768329121531695,0.0,0.0,0.0,0.0,0.0
1.1347424536464787,-0.406777120668408,0.676481425202546,-0.2233669672871359,-0.3718636240048648,0.0,-0.5135043124644968,0.0,0.0,0.0,0.0,0.0,0.0,0.0,0.0,0.0,0.0,0.0,0.0,0.0,0.0,0.0,0.0,0.0,-0.35768329121531695,0.0,0.0,0.0,0.0,0.0
1.1386778923545076,-0.406777120668408,-0.676481425202546,-1.38586872673406,-0.3718636240048648,0.0,-0.192414014194782,0.0,0.0,0.0,0.0,0.0,0.0,0.0,0.0,0.0,0.0,0.0,0.0,0.0,0.0,0.0,0.0,0.0,-0.35768329121531695,0.0,0.0,0.0,0.0,0.0
1.1426133310625362,-0.406777120668408,0.676481425202546,0.47413408838101856,-0.3718636240048648,0.0,-0.4914695535907421,0.0,0.0,0.0,0.0,0.0,0.0,0.0,0.0,0.0,0.0,0.0,0.0,0.0,0.0,0.0,0.0,0.0,-0.35768329121531695,0.0,0.0,0.0,0.0,0.0
1.1504842084785938,-0.406777120668408,0.676481425202546,-0.02584424186581628,-0.3718636240048648,0.0,0.06763428093213994,0.0,0.0,0.0,0.0,0.0,0.0,0.0,0.0,0.0,0.0,0.0,0.0,0.0,0.0,0.0,0.0,0.0,2.4015878124457015,0.0,0.0,0.0,0.0,0.0
1.1544196471866224,-0.406777120668408,0.676481425202546,1.2878853199938654,-0.3718636240048648,0.0,-0.5716511112548764,0.0,0.0,0.0,0.0,0.0,0.0,0.0,0.0,0.0,0.0,0.0,0.0,0.0,0.0,0.0,0.0,0.0,-0.35768329121531695,0.0,0.0,0.0,0.0,0.0
1.1662259633107086,-0.406777120668408,0.676481425202546,-1.6183690786234448,-0.3718636240048648,0.0,-0.5153073139773767,0.0,0.0,0.0,0.0,0.0,0.0,0.0,0.0,0.0,0.0,0.0,0.0,0.0,0.0,0.0,0.0,0.0,-0.35768329121531695,0.0,0.0,0.0,0.0,0.0
1.1859031568508522,-0.406777120668408,0.676481425202546,0.24163373649163375,-0.3718636240048648,0.0,-0.4643811895150211,0.0,0.0,0.0,0.0,0.0,0.0,0.0,0.0,0.0,0.0,0.0,0.0,0.0,0.0,0.0,0.0,0.0,-0.35768329121531695,0.0,0.0,0.0,0.0,0.0
1.1898385955588808,-0.406777120668408,0.676481425202546,-0.6883676710659055,-0.3718636240048648,0.0,-0.36577954427939663,0.0,0.0,0.0,0.0,0.0,0.0,0.0,0.0,0.0,0.0,0.0,0.0,0.0,0.0,0.0,0.0,0.0,-0.35768329121531695,0.0,0.0,0.0,0.0,0.0
1.1937740342669096,-0.406777120668408,0.676481425202546,2.1016365516067124,-0.3718636240048648,0.0,-0.508442038986026,0.0,0.0,0.0,0.0,0.0,0.0,0.0,0.0,0.0,0.0,0.0,0.0,0.0,0.0,0.0,0.0,0.0,-0.35768329121531695,0.0,0.0,0.0,0.0,0.0
1.2095157890990245,-0.406777120668408,0.676481425202546,-1.38586872673406,-0.3718636240048648,0.0,-0.5174743831034344,0.0,0.0,0.0,0.0,0.0,0.0,0.0,0.0,0.0,0.0,0.0,0.0,0.0,0.0,0.0,0.0,0.0,-0.35768329121531695,0.0,0.0,0.0,0.0,0.0
1.2370638600552255,-0.406777120668408,-2.029444275607638,-0.10711679134244348,-0.3718636240048648,0.0,1.4112171390879034,0.0,0.0,0.0,0.0,0.0,0.0,0.0,0.0,0.0,0.0,0.0,0.0,0.0,0.0,0.0,0.0,0.0,-0.35768329121531695,0.0,0.0,0.0,0.0,0.0
1.244934737471283,-0.406777120668408,0.676481425202546,-0.5721174951212131,-0.3718636240048648,0.0,-0.5781523186330495,0.0,0.0,0.0,0.0,0.0,0.0,0.0,0.0,0.0,0.0,0.0,0.0,0.0,0.0,0.0,0.0,0.0,-0.35768329121531695,0.0,0.0,0.0,0.0,0.0
1.2488701761793117,-0.406777120668408,0.676481425202546,-0.5721174951212131,-0.3718636240048648,0.0,-0.560815765624588,0.0,0.0,0.0,0.0,0.0,0.0,0.0,0.0,0.0,0.0,0.0,0.0,0.0,0.0,0.0,0.0,0.0,-0.35768329121531695,0.0,0.0,0.0,0.0,0.0
1.272482808427484,-0.406777120668408,-0.676481425202546,-1.6183690786234448,-0.3718636240048648,0.0,1.064486078918674,0.0,0.0,0.0,0.0,0.0,0.0,0.0,0.0,0.0,0.0,0.0,0.0,0.0,0.0,0.0,0.0,0.0,2.4015878124457015,0.0,0.0,0.0,0.0,0.0
1.2842891245515702,-0.406777120668408,0.676481425202546,-0.5721174951212131,-0.3718636240048648,0.0,-0.5048360359602659,0.0,0.0,0.0,0.0,0.0,0.0,0.0,0.0,0.0,0.0,0.0,0.0,0.0,0.0,0.0,0.0,0.0,-0.35768329121531695,0.0,0.0,0.0,0.0,0.0
1.288224563259599,-0.406777120668408,-0.676481425202546,1.0553849681044807,-0.3718636240048648,0.0,-0.06238986663132102,0.0,0.0,0.0,0.0,0.0,0.0,0.0,0.0,0.0,0.0,0.0,0.0,0.0,0.0,0.0,0.0,0.0,-0.35768329121531695,0.0,0.0,0.0,0.0,0.0
1.3079017567997426,-0.406777120668408,-0.676481425202546,0.47413408838101856,-0.3718636240048648,0.0,-0.06238986663132102,0.0,0.0,0.0,0.0,0.0,0.0,0.0,0.0,0.0,0.0,0.0,0.0,0.0,0.0,0.0,0.0,0.0,2.4015878124457015,0.0,0.0,0.0,0.0,0.0
1.3236435116318575,2.4583486857786396,0.676481425202546,-0.3396171432318283,-0.3718636240048648,0.0,-0.5846535260112226,0.0,0.0,0.0,0.0,0.0,0.0,0.0,0.0,0.0,0.0,0.0,0.0,0.0,0.0,0.0,0.0,0.0,-0.35768329121531695,0.0,0.0,0.0,0.0,0.0
1.327578950339886,-0.406777120668408,0.676481425202546,0.12538356054694133,-0.3718636240048648,0.0,-0.5153073139773767,0.0,0.0,0.0,0.0,0.0,0.0,0.0,0.0,0.0,0.0,0.0,0.0,0.0,0.0,0.0,0.0,0.0,-0.35768329121531695,0.0,0.0,0.0,0.0,0.0
1.3315143890479149,-0.406777120668408,-2.029444275607638,1.0553849681044807,-0.3718636240048648,0.0,-1.189265812181316,0.0,0.0,0.0,0.0,0.0,0.0,0.0,0.0,0.0,0.0,0.0,0.0,0.0,0.0,0.0,0.0,0.0,-0.35768329121531695,0.0,0.0,0.0,0.0,0.0
1.3393852664639723,-0.406777120668408,-0.676481425202546,1.0553849681044807,-0.3718636240048648,0.0,-0.06238986663132102,0.0,0.0,0.0,0.0,0.0,0.0,0.0,0.0,0.0,0.0,0.0,0.0,0.0,0.0,0.0,0.0,0.0,-0.35768329121531695,0.0,0.0,0.0,0.0,0.0
1.3472561438800297,-0.406777120668408,0.676481425202546,-0.4558673191765207,-0.3718636240048648,0.0,-0.5055555029101171,0.0,0.0,0.0,0.0,0.0,0.0,0.0,0.0,0.0,0.0,0.0,0.0,0.0,0.0,0.0,0.0,0.0,-0.35768329121531695,0.0,0.0,0.0,0.0,0.0
1.3511915825880585,-0.406777120668408,0.676481425202546,1.0553849681044807,-0.3718636240048648,0.0,0.9041229635904053,0.0,0.0,0.0,0.0,0.0,0.0,0.0,0.0,0.0,0.0,0.0,0.0,0.0,0.0,0.0,0.0,0.0,2.4015878124457015,0.0,0.0,0.0,0.0,0.0
1.355127021296087,-0.406777120668408,-0.676481425202546,0.590384264325711,-0.3718636240048648,0.0,-0.2790967792370893,0.0,0.0,0.0,0.0,0.0,0.0,0.0,0.0,0.0,0.0,0.0,0.0,0.0,0.0,0.0,0.0,0.0,-0.35768329121531695,0.0,0.0,0.0,0.0,0.0
1.3629978987121447,-0.406777120668408,0.676481425202546,0.06725847257459514,-0.3718636240048648,0.0,-0.4914695535907421,0.0,0.0,0.0,0.0,0.0,0.0,0.0,0.0,0.0,0.0,0.0,0.0,0.0,0.0,0.0,0.0,0.0,-0.35768329121531695,0.0,0.0,0.0,0.0,0.0
1.3669333374201733,-0.406777120668408,-2.029444275607638,-0.02584424186581628,-0.3718636240048648,0.0,-1.189265812181316,0.0,0.0,0.0,0.0,0.0,0.0,0.0,0.0,0.0,0.0,0.0,0.0,0.0,0.0,0.0,0.0,0.0,-0.35768329121531695,0.0,0.0,0.0,0.0,0.0
1.3787396535442595,-0.406777120668408,0.676481425202546,1.5203856718832502,-0.3718636240048648,0.0,-0.6301619776584338,0.0,0.0,0.0,0.0,0.0,0.0,0.0,0.0,0.0,0.0,0.0,0.0,0.0,0.0,0.0,0.0,0.0,-0.35768329121531695,0.0,0.0,0.0,0.0,0.0
1.3905459696683458,2.4583486857786396,0.676481425202546,-0.3396171432318283,-0.3718636240048648,0.0,-0.438376360002329,0.0,0.0,0.0,0.0,0.0,0.0,0.0,0.0,0.0,0.0,0.0,0.0,0.0,0.0,0.0,0.0,0.0,-0.35768329121531695,0.0,0.0,0.0,0.0,0.0
1.4377712341646902,-0.406777120668408,0.676481425202546,-0.8046178470105979,-0.3718636240048648,0.0,-0.508442038986026,0.0,0.0,0.0,0.0,0.0,0.0,0.0,0.0,0.0,0.0,0.0,0.0,0.0,0.0,0.0,0.0,0.0,-0.35768329121531695,0.0,0.0,0.0,0.0,0.0
1.441706672872719,-0.406777120668408,0.676481425202546,-1.38586872673406,-0.3718636240048648,0.0,-0.4697988623301653,0.0,0.0,0.0,0.0,0.0,0.0,0.0,0.0,0.0,0.0,0.0,0.0,0.0,0.0,0.0,0.0,0.0,-0.35768329121531695,0.0,0.0,0.0,0.0,0.0
1.4495775502887764,-0.406777120668408,0.676481425202546,-1.0371181988999827,-0.3718636240048648,0.0,-0.438376360002329,0.0,0.0,0.0,0.0,0.0,0.0,0.0,0.0,0.0,0.0,0.0,0.0,0.0,0.0,0.0,0.0,0.0,-0.35768329121531695,0.0,0.0,0.0,0.0,0.0
1.4535129889968053,-0.406777120668408,0.676481425202546,-0.02584424186581628,-0.3718636240048648,0.0,-0.4914695535907421,0.0,0.0,0.0,0.0,0.0,0.0,0.0,0.0,0.0,0.0,0.0,0.0,0.0,0.0,0.0,0.0,0.0,-0.35768329121531695,0.0,0.0,0.0,0.0,0.0
1.4653193051208913,-0.406777120668408,0.676481425202546,-1.1533683748446752,-0.3718636240048648,0.0,-0.5023048992210306,0.0,0.0,0.0,0.0,0.0,0.0,0.0,0.0,0.0,0.0,0.0,0.0,0.0,0.0,0.0,0.0,0.0,-0.35768329121531695,0.0,0.0,0.0,0.0,0.0
1.46925474382892,-0.406777120668408,-0.676481425202546,-1.6183690786234448,-0.3718636240048648,0.0,-0.2790967792370893,0.0,0.0,0.0,0.0,0.0,0.0,0.0,0.0,0.0,0.0,0.0,0.0,0.0,0.0,0.0,0.0,0.0,2.4015878124457015,0.0,0.0,0.0,0.0,0.0
1.4810610599530063,-0.406777120668408,0.676481425202546,-1.5021189026787525,-0.3718636240048648,0.0,-0.438376360002329,0.0,0.0,0.0,0.0,0.0,0.0,0.0,0.0,0.0,0.0,0.0,0.0,0.0,0.0,0.0,0.0,0.0,-0.35768329121531695,0.0,0.0,0.0,0.0,0.0
1.484996498661035,-0.406777120668408,0.676481425202546,1.404135495938558,-0.3718636240048648,0.0,-0.5348109361118959,0.0,0.0,0.0,0.0,0.0,0.0,0.0,0.0,0.0,0.0,0.0,0.0,0.0,0.0,0.0,0.0,0.0,-0.35768329121531695,0.0,0.0,0.0,0.0,0.0
1.5322217631573796,2.4583486857786396,-2.029444275607638,2.4503870794407896,-0.3718636240048648,0.0,1.1121615996919432,0.0,0.0,0.0,0.0,0.0,0.0,0.0,0.0,0.0,0.0,0.0,0.0,0.0,0.0,0.0,0.0,0.0,-0.35768329121531695,0.0,0.0,0.0,0.0,0.0
1.5440280792814658,-0.406777120668408,0.676481425202546,1.2878853199938654,4.545843077120694,0.0,0.03368064186506816,0.0,0.0,0.0,0.0,0.0,0.0,0.0,0.0,0.0,0.0,0.0,0.0,0.0,0.0,0.0,0.0,0.0,-0.35768329121531695,0.0,0.0,0.0,0.0,0.0
1.5479635179894946,-0.406777120668408,-0.676481425202546,-1.0371181988999827,2.0869897265579147,0.0,-0.192414014194782,0.0,0.0,0.0,0.0,0.0,0.0,0.0,0.0,0.0,0.0,0.0,0.0,0.0,0.0,0.0,0.0,0.0,-0.35768329121531695,0.0,0.0,0.0,0.0,0.0
1.5597698341135806,-0.406777120668408,-0.676481425202546,-0.6883676710659055,-0.3718636240048648,0.0,-0.06238986663132102,0.0,0.0,0.0,0.0,0.0,0.0,0.0,0.0,0.0,0.0,0.0,0.0,0.0,0.0,0.0,0.0,0.0,-0.35768329121531695,0.0,0.0,0.0,0.0,0.0
1.5715761502376668,-0.406777120668408,-2.029444275607638,0.12538356054694133,-0.3718636240048648,0.0,3.187849754842026,0.0,0.0,0.0,0.0,0.0,0.0,0.0,0.0,0.0,0.0,0.0,0.0,0.0,0.0,0.0,0.0,0.0,-0.35768329121531695,0.0,0.0,0.0,0.0,0.0
1.5755115889456957,-0.406777120668408,0.676481425202546,-0.02584424186581628,-0.3718636240048648,0.0,-0.36577954427939663,0.0,0.0,0.0,0.0,0.0,0.0,0.0,0.0,0.0,0.0,0.0,0.0,0.0,0.0,0.0,0.0,0.0,-0.35768329121531695,0.0,0.0,0.0,0.0,0.0
1.583382466361753,-0.406777120668408,0.676481425202546,-0.4558673191765207,-0.3718636240048648,0.0,-0.5048360359602659,0.0,0.0,0.0,0.0,0.0,0.0,0.0,0.0,0.0,0.0,0.0,0.0,0.0,0.0,0.0,0.0,0.0,-0.35768329121531695,0.0,0.0,0.0,0.0,0.0
1.5912533437778105,-0.406777120668408,-2.029444275607638,0.35788391243632617,-0.3718636240048648,0.0,-0.7558519869697795,0.0,0.0,0.0,0.0,0.0,0.0,0.0,0.0,0.0,0.0,0.0,0.0,0.0,0.0,0.0,0.0,0.0,-0.35768329121531695,0.0,0.0,0.0,0.0,0.0
1.595188782485839,-0.406777120668408,0.676481425202546,1.9853863756620198,-0.3718636240048648,0.0,-0.4091209268005503,0.0,0.0,0.0,0.0,0.0,0.0,0.0,0.0,0.0,0.0,0.0,0.0,0.0,0.0,0.0,0.0,0.0,-0.35768329121531695,0.0,0.0,0.0,0.0,0.0
1.6069950986099253,-0.406777120668408,0.676481425202546,-1.1533683748446752,-0.3718636240048648,0.0,-0.33580464412776667,0.0,0.0,0.0,0.0,0.0,0.0,0.0,0.0,0.0,0.0,0.0,0.0,0.0,0.0,0.0,0.0,0.0,2.4015878124457015,0.0,0.0,0.0,0.0,0.0
1.610930537317954,-0.406777120668408,0.676481425202546,-1.2696185507893676,-0.3718636240048648,0.0,-0.5048360359602659,0.0,0.0,0.0,0.0,0.0,0.0,0.0,0.0,0.0,0.0,0.0,0.0,0.0,0.0,0.0,0.0,0.0,-0.35768329121531695,0.0,0.0,0.0,0.0,0.0
1.6148659760259827,-0.406777120668408,0.676481425202546,-0.02584424186581628,-0.3718636240048648,0.0,-0.5048360359602659,0.0,0.0,0.0,0.0,0.0,0.0,0.0,0.0,0.0,0.0,0.0,0.0,0.0,0.0,0.0,0.0,0.0,-0.35768329121531695,0.0,0.0,0.0,0.0,0.0
1.626672292150069,-0.406777120668408,0.676481425202546,0.35788391243632617,-0.3718636240048648,0.0,-0.5048360359602659,0.0,0.0,0.0,0.0,0.0,0.0,0.0,0.0,0.0,0.0,0.0,0.0,0.0,0.0,0.0,0.0,0.0,-0.35768329121531695,0.0,0.0,0.0,0.0,0.0
1.6345431695661263,-0.406777120668408,-0.676481425202546,-0.2233669672871359,-0.3718636240048648,0.0,-0.2790967792370893,0.0,0.0,0.0,0.0,0.0,0.0,0.0,0.0,0.0,0.0,0.0,0.0,0.0,0.0,0.0,0.0,0.0,-0.35768329121531695,0.0,0.0,0.0,0.0,0.0
1.6384786082741551,-0.406777120668408,0.676481425202546,-0.5721174951212131,-0.3718636240048648,0.0,-0.5781523186330495,0.0,0.0,0.0,0.0,0.0,0.0,0.0,0.0,0.0,0.0,0.0,0.0,0.0,0.0,0.0,0.0,0.0,-0.35768329121531695,0.0,0.0,0.0,0.0,0.0
